Time_ID,Transaction_Time,Date,Day_Of_Week,Hour,Month,Quarter,Year
1,2025-06-15 21:02:00,2025-06-15,Sunday,21,6,2,2025
2,2025-06-15 05:44:00,2025-06-15,Sunday,5,6,2,2025
3,2025-06-15 07:13:00,2025-06-15,Sunday,7,6,2,2025
4,2025-06-15 15:43:00,2025-06-15,Sunday,15,6,2,2025
5,2025-06-15 12:17:00,2025-06-15,Sunday,12,6,2,2025
6,2025-06-15 19:28:00,2025-06-15,Sunday,19,6,2,2025
7,2025-06-15 10:41:00,2025-06-15,Sunday,10,6,2,2025
8,2025-06-15 00:43:00,2025-06-15,Sunday,0,6,2,2025
9,2025-06-15 20:53:00,2025-06-15,Sunday,20,6,2,2025
10,2025-06-15 01:55:00,2025-06-15,Sunday,1,6,2,2025
11,2025-06-15 11:14:00,2025-06-15,Sunday,11,6,2,2025
12,2025-06-15 05:02:00,2025-06-15,Sunday,5,6,2,2025
13,2025-06-15 18:24:00,2025-06-15,Sunday,18,6,2,2025
14,2025-06-15 19:57:00,2025-06-15,Sunday,19,6,2,2025
15,2025-06-15 20:19:00,2025-06-15,Sunday,20,6,2,2025
16,2025-06-15 12:19:00,2025-06-15,Sunday,12,6,2,2025
17,2025-06-15 03:46:00,2025-06-15,Sunday,3,6,2,2025
18,2025-06-15 09:21:00,2025-06-15,Sunday,9,6,2,2025
19,2025-06-15 12:44:00,2025-06-15,Sunday,12,6,2,2025
20,2025-06-15 14:42:00,2025-06-15,Sunday,14,6,2,2025
21,2025-06-15 16:29:00,2025-06-15,Sunday,16,6,2,2025
22,2025-06-15 12:16:00,2025-06-15,Sunday,12,6,2,2025
23,2025-06-15 01:28:00,2025-06-15,Sunday,1,6,2,2025
24,2025-06-15 09:45:00,2025-06-15,Sunday,9,6,2,2025
25,2025-06-15 08:52:00,2025-06-15,Sunday,8,6,2,2025
26,2025-06-15 18:55:00,2025-06-15,Sunday,18,6,2,2025
27,2025-06-15 16:58:00,2025-06-15,Sunday,16,6,2,2025
28,2025-06-15 22:59:00,2025-06-15,Sunday,22,6,2,2025
29,2025-06-15 04:28:00,2025-06-15,Sunday,4,6,2,2025
30,2025-06-15 07:27:00,2025-06-15,Sunday,7,6,2,2025
31,2025-06-15 19:08:00,2025-06-15,Sunday,19,6,2,2025
32,2025-06-15 07:23:00,2025-06-15,Sunday,7,6,2,2025
33,2025-06-15 02:17:00,2025-06-15,Sunday,2,6,2,2025
34,2025-06-15 01:27:00,2025-06-15,Sunday,1,6,2,2025
35,2025-06-15 08:36:00,2025-06-15,Sunday,8,6,2,2025
36,2025-06-15 02:01:00,2025-06-15,Sunday,2,6,2,2025
37,2025-06-15 14:47:00,2025-06-15,Sunday,14,6,2,2025
38,2025-06-15 10:35:00,2025-06-15,Sunday,10,6,2,2025
39,2025-06-15 23:15:00,2025-06-15,Sunday,23,6,2,2025
40,2025-06-15 03:30:00,2025-06-15,Sunday,3,6,2,2025
41,2025-06-15 21:19:00,2025-06-15,Sunday,21,6,2,2025
42,2025-06-15 10:11:00,2025-06-15,Sunday,10,6,2,2025
43,2025-06-15 09:04:00,2025-06-15,Sunday,9,6,2,2025
44,2025-06-15 16:39:00,2025-06-15,Sunday,16,6,2,2025
45,2025-06-15 16:41:00,2025-06-15,Sunday,16,6,2,2025
46,2025-06-15 23:50:00,2025-06-15,Sunday,23,6,2,2025
47,2025-06-15 15:53:00,2025-06-15,Sunday,15,6,2,2025
48,2025-06-15 07:47:00,2025-06-15,Sunday,7,6,2,2025
49,2025-06-15 05:17:00,2025-06-15,Sunday,5,6,2,2025
50,2025-06-15 22:13:00,2025-06-15,Sunday,22,6,2,2025
51,2025-06-15 21:54:00,2025-06-15,Sunday,21,6,2,2025
52,2025-06-15 03:40:00,2025-06-15,Sunday,3,6,2,2025
53,2025-06-15 06:43:00,2025-06-15,Sunday,6,6,2,2025
54,2025-06-15 03:26:00,2025-06-15,Sunday,3,6,2,2025
55,2025-06-15 10:16:00,2025-06-15,Sunday,10,6,2,2025
56,2025-06-15 16:18:00,2025-06-15,Sunday,16,6,2,2025
57,2025-06-15 23:26:00,2025-06-15,Sunday,23,6,2,2025
58,2025-06-15 14:03:00,2025-06-15,Sunday,14,6,2,2025
59,2025-06-15 00:05:00,2025-06-15,Sunday,0,6,2,2025
60,2025-06-15 10:33:00,2025-06-15,Sunday,10,6,2,2025
61,2025-06-15 21:15:00,2025-06-15,Sunday,21,6,2,2025
62,2025-06-15 18:31:00,2025-06-15,Sunday,18,6,2,2025
63,2025-06-15 06:42:00,2025-06-15,Sunday,6,6,2,2025
64,2025-06-15 17:46:00,2025-06-15,Sunday,17,6,2,2025
65,2025-06-15 03:02:00,2025-06-15,Sunday,3,6,2,2025
66,2025-06-15 10:53:00,2025-06-15,Sunday,10,6,2,2025
67,2025-06-15 04:05:00,2025-06-15,Sunday,4,6,2,2025
68,2025-06-15 22:15:00,2025-06-15,Sunday,22,6,2,2025
69,2025-06-15 07:48:00,2025-06-15,Sunday,7,6,2,2025
70,2025-06-15 17:06:00,2025-06-15,Sunday,17,6,2,2025
71,2025-06-15 19:53:00,2025-06-15,Sunday,19,6,2,2025
72,2025-06-15 23:11:00,2025-06-15,Sunday,23,6,2,2025
73,2025-06-15 13:38:00,2025-06-15,Sunday,13,6,2,2025
74,2025-06-15 12:40:00,2025-06-15,Sunday,12,6,2,2025
75,2025-06-15 22:52:00,2025-06-15,Sunday,22,6,2,2025
76,2025-06-15 07:12:00,2025-06-15,Sunday,7,6,2,2025
77,2025-06-15 02:59:00,2025-06-15,Sunday,2,6,2,2025
78,2025-06-15 16:40:00,2025-06-15,Sunday,16,6,2,2025
79,2025-06-15 07:38:00,2025-06-15,Sunday,7,6,2,2025
80,2025-06-15 06:07:00,2025-06-15,Sunday,6,6,2,2025
81,2025-06-15 18:04:00,2025-06-15,Sunday,18,6,2,2025
82,2025-06-15 00:51:00,2025-06-15,Sunday,0,6,2,2025
83,2025-06-15 15:13:00,2025-06-15,Sunday,15,6,2,2025
84,2025-06-15 20:14:00,2025-06-15,Sunday,20,6,2,2025
85,2025-06-15 09:13:00,2025-06-15,Sunday,9,6,2,2025
86,2025-06-15 15:49:00,2025-06-15,Sunday,15,6,2,2025
87,2025-06-15 17:43:00,2025-06-15,Sunday,17,6,2,2025
88,2025-06-15 07:11:00,2025-06-15,Sunday,7,6,2,2025
89,2025-06-15 17:56:00,2025-06-15,Sunday,17,6,2,2025
90,2025-06-15 05:48:00,2025-06-15,Sunday,5,6,2,2025
91,2025-06-15 04:29:00,2025-06-15,Sunday,4,6,2,2025
92,2025-06-15 14:04:00,2025-06-15,Sunday,14,6,2,2025
93,2025-06-15 02:02:00,2025-06-15,Sunday,2,6,2,2025
94,2025-06-15 08:35:00,2025-06-15,Sunday,8,6,2,2025
95,2025-06-15 21:00:00,2025-06-15,Sunday,21,6,2,2025
96,2025-06-15 22:14:00,2025-06-15,Sunday,22,6,2,2025
97,2025-06-15 09:39:00,2025-06-15,Sunday,9,6,2,2025
98,2025-06-15 12:11:00,2025-06-15,Sunday,12,6,2,2025
99,2025-06-15 14:48:00,2025-06-15,Sunday,14,6,2,2025
100,2025-06-15 04:59:00,2025-06-15,Sunday,4,6,2,2025
101,2025-06-15 21:57:00,2025-06-15,Sunday,21,6,2,2025
102,2025-06-15 07:08:00,2025-06-15,Sunday,7,6,2,2025
103,2025-06-15 23:54:00,2025-06-15,Sunday,23,6,2,2025
104,2025-06-15 12:30:00,2025-06-15,Sunday,12,6,2,2025
105,2025-06-15 14:33:00,2025-06-15,Sunday,14,6,2,2025
106,2025-06-15 03:15:00,2025-06-15,Sunday,3,6,2,2025
107,2025-06-15 17:25:00,2025-06-15,Sunday,17,6,2,2025
108,2025-06-15 07:24:00,2025-06-15,Sunday,7,6,2,2025
109,2025-06-15 22:35:00,2025-06-15,Sunday,22,6,2,2025
110,2025-06-15 13:30:00,2025-06-15,Sunday,13,6,2,2025
111,2025-06-15 10:13:00,2025-06-15,Sunday,10,6,2,2025
112,2025-06-15 06:21:00,2025-06-15,Sunday,6,6,2,2025
113,2025-06-15 11:18:00,2025-06-15,Sunday,11,6,2,2025
114,2025-06-15 09:08:00,2025-06-15,Sunday,9,6,2,2025
115,2025-06-15 20:35:00,2025-06-15,Sunday,20,6,2,2025
116,2025-06-15 22:23:00,2025-06-15,Sunday,22,6,2,2025
117,2025-06-15 11:03:00,2025-06-15,Sunday,11,6,2,2025
118,2025-06-15 14:25:00,2025-06-15,Sunday,14,6,2,2025
119,2025-06-15 17:37:00,2025-06-15,Sunday,17,6,2,2025
120,2025-06-15 15:24:00,2025-06-15,Sunday,15,6,2,2025
121,2025-06-15 05:50:00,2025-06-15,Sunday,5,6,2,2025
122,2025-06-15 10:04:00,2025-06-15,Sunday,10,6,2,2025
123,2025-06-15 16:07:00,2025-06-15,Sunday,16,6,2,2025
124,2025-06-15 03:42:00,2025-06-15,Sunday,3,6,2,2025
125,2025-06-15 05:42:00,2025-06-15,Sunday,5,6,2,2025
126,2025-06-15 08:15:00,2025-06-15,Sunday,8,6,2,2025
127,2025-06-15 21:47:00,2025-06-15,Sunday,21,6,2,2025
128,2025-06-15 09:14:00,2025-06-15,Sunday,9,6,2,2025
129,2025-06-15 14:19:00,2025-06-15,Sunday,14,6,2,2025
130,2025-06-15 21:56:00,2025-06-15,Sunday,21,6,2,2025
131,2025-06-15 19:42:00,2025-06-15,Sunday,19,6,2,2025
132,2025-06-15 21:35:00,2025-06-15,Sunday,21,6,2,2025
133,2025-06-15 12:42:00,2025-06-15,Sunday,12,6,2,2025
134,2025-06-15 13:49:00,2025-06-15,Sunday,13,6,2,2025
135,2025-06-15 00:33:00,2025-06-15,Sunday,0,6,2,2025
136,2025-06-15 08:53:00,2025-06-15,Sunday,8,6,2,2025
137,2025-06-15 12:46:00,2025-06-15,Sunday,12,6,2,2025
138,2025-06-15 18:46:00,2025-06-15,Sunday,18,6,2,2025
139,2025-06-15 20:29:00,2025-06-15,Sunday,20,6,2,2025
140,2025-06-15 22:04:00,2025-06-15,Sunday,22,6,2,2025
141,2025-06-15 06:03:00,2025-06-15,Sunday,6,6,2,2025
142,2025-06-15 08:28:00,2025-06-15,Sunday,8,6,2,2025
143,2025-06-15 12:51:00,2025-06-15,Sunday,12,6,2,2025
144,2025-06-15 23:57:00,2025-06-15,Sunday,23,6,2,2025
145,2025-06-15 20:11:00,2025-06-15,Sunday,20,6,2,2025
146,2025-06-15 13:21:00,2025-06-15,Sunday,13,6,2,2025
147,2025-06-15 04:39:00,2025-06-15,Sunday,4,6,2,2025
148,2025-06-15 15:11:00,2025-06-15,Sunday,15,6,2,2025
149,2025-06-15 09:31:00,2025-06-15,Sunday,9,6,2,2025
150,2025-06-15 07:34:00,2025-06-15,Sunday,7,6,2,2025
151,2025-06-15 17:18:00,2025-06-15,Sunday,17,6,2,2025
152,2025-06-15 19:59:00,2025-06-15,Sunday,19,6,2,2025
153,2025-06-15 05:39:00,2025-06-15,Sunday,5,6,2,2025
154,2025-06-15 14:07:00,2025-06-15,Sunday,14,6,2,2025
155,2025-06-15 06:17:00,2025-06-15,Sunday,6,6,2,2025
156,2025-06-15 16:14:00,2025-06-15,Sunday,16,6,2,2025
157,2025-06-15 20:42:00,2025-06-15,Sunday,20,6,2,2025
158,2025-06-15 21:16:00,2025-06-15,Sunday,21,6,2,2025
159,2025-06-15 01:47:00,2025-06-15,Sunday,1,6,2,2025
160,2025-06-15 05:33:00,2025-06-15,Sunday,5,6,2,2025
161,2025-06-15 22:05:00,2025-06-15,Sunday,22,6,2,2025
162,2025-06-15 15:15:00,2025-06-15,Sunday,15,6,2,2025
163,2025-06-15 21:48:00,2025-06-15,Sunday,21,6,2,2025
164,2025-06-15 00:49:00,2025-06-15,Sunday,0,6,2,2025
165,2025-06-15 06:09:00,2025-06-15,Sunday,6,6,2,2025
166,2025-06-15 07:39:00,2025-06-15,Sunday,7,6,2,2025
167,2025-06-15 23:31:00,2025-06-15,Sunday,23,6,2,2025
168,2025-06-15 02:52:00,2025-06-15,Sunday,2,6,2,2025
169,2025-06-15 10:06:00,2025-06-15,Sunday,10,6,2,2025
170,2025-06-15 00:26:00,2025-06-15,Sunday,0,6,2,2025
171,2025-06-15 04:26:00,2025-06-15,Sunday,4,6,2,2025
172,2025-06-15 11:49:00,2025-06-15,Sunday,11,6,2,2025
173,2025-06-15 00:41:00,2025-06-15,Sunday,0,6,2,2025
174,2025-06-15 22:27:00,2025-06-15,Sunday,22,6,2,2025
175,2025-06-15 16:25:00,2025-06-15,Sunday,16,6,2,2025
176,2025-06-15 16:28:00,2025-06-15,Sunday,16,6,2,2025
177,2025-06-15 00:53:00,2025-06-15,Sunday,0,6,2,2025
178,2025-06-15 03:06:00,2025-06-15,Sunday,3,6,2,2025
179,2025-06-15 10:20:00,2025-06-15,Sunday,10,6,2,2025
180,2025-06-15 19:27:00,2025-06-15,Sunday,19,6,2,2025
181,2025-06-15 19:00:00,2025-06-15,Sunday,19,6,2,2025
182,2025-06-15 18:59:00,2025-06-15,Sunday,18,6,2,2025
183,2025-06-15 23:13:00,2025-06-15,Sunday,23,6,2,2025
184,2025-06-15 12:20:00,2025-06-15,Sunday,12,6,2,2025
185,2025-06-15 21:44:00,2025-06-15,Sunday,21,6,2,2025
186,2025-06-15 01:43:00,2025-06-15,Sunday,1,6,2,2025
187,2025-06-15 10:58:00,2025-06-15,Sunday,10,6,2,2025
188,2025-06-15 17:05:00,2025-06-15,Sunday,17,6,2,2025
189,2025-06-15 12:50:00,2025-06-15,Sunday,12,6,2,2025
190,2025-06-15 18:18:00,2025-06-15,Sunday,18,6,2,2025
191,2025-06-15 22:51:00,2025-06-15,Sunday,22,6,2,2025
192,2025-06-15 11:48:00,2025-06-15,Sunday,11,6,2,2025
193,2025-06-15 14:22:00,2025-06-15,Sunday,14,6,2,2025
194,2025-06-15 15:45:00,2025-06-15,Sunday,15,6,2,2025
195,2025-06-15 18:58:00,2025-06-15,Sunday,18,6,2,2025
196,2025-06-15 04:42:00,2025-06-15,Sunday,4,6,2,2025
197,2025-06-15 00:48:00,2025-06-15,Sunday,0,6,2,2025
198,2025-06-15 16:38:00,2025-06-15,Sunday,16,6,2,2025
199,2025-06-15 22:34:00,2025-06-15,Sunday,22,6,2,2025
200,2025-06-15 14:49:00,2025-06-15,Sunday,14,6,2,2025
201,2025-06-15 19:07:00,2025-06-15,Sunday,19,6,2,2025
202,2025-06-15 14:46:00,2025-06-15,Sunday,14,6,2,2025
203,2025-06-15 02:58:00,2025-06-15,Sunday,2,6,2,2025
204,2025-06-15 15:28:00,2025-06-15,Sunday,15,6,2,2025
205,2025-06-15 23:49:00,2025-06-15,Sunday,23,6,2,2025
206,2025-06-15 08:34:00,2025-06-15,Sunday,8,6,2,2025
207,2025-06-15 13:39:00,2025-06-15,Sunday,13,6,2,2025
208,2025-06-15 04:51:00,2025-06-15,Sunday,4,6,2,2025
209,2025-06-15 04:02:00,2025-06-15,Sunday,4,6,2,2025
210,2025-06-15 02:39:00,2025-06-15,Sunday,2,6,2,2025
211,2025-06-15 11:07:00,2025-06-15,Sunday,11,6,2,2025
212,2025-06-15 23:29:00,2025-06-15,Sunday,23,6,2,2025
213,2025-06-15 19:58:00,2025-06-15,Sunday,19,6,2,2025
214,2025-06-15 09:33:00,2025-06-15,Sunday,9,6,2,2025
215,2025-06-15 19:01:00,2025-06-15,Sunday,19,6,2,2025
216,2025-06-15 06:50:00,2025-06-15,Sunday,6,6,2,2025
217,2025-06-15 02:50:00,2025-06-15,Sunday,2,6,2,2025
218,2025-06-15 00:00:00,2025-06-15,Sunday,0,6,2,2025
219,2025-06-15 13:41:00,2025-06-15,Sunday,13,6,2,2025
220,2025-06-15 11:20:00,2025-06-15,Sunday,11,6,2,2025
221,2025-06-15 06:28:00,2025-06-15,Sunday,6,6,2,2025
222,2025-06-15 06:54:00,2025-06-15,Sunday,6,6,2,2025
223,2025-06-15 19:55:00,2025-06-15,Sunday,19,6,2,2025
224,2025-06-15 13:09:00,2025-06-15,Sunday,13,6,2,2025
225,2025-06-15 10:30:00,2025-06-15,Sunday,10,6,2,2025
226,2025-06-15 06:45:00,2025-06-15,Sunday,6,6,2,2025
227,2025-06-15 04:20:00,2025-06-15,Sunday,4,6,2,2025
228,2025-06-15 02:37:00,2025-06-15,Sunday,2,6,2,2025
229,2025-06-15 22:32:00,2025-06-15,Sunday,22,6,2,2025
230,2025-06-15 20:56:00,2025-06-15,Sunday,20,6,2,2025
231,2025-06-15 13:51:00,2025-06-15,Sunday,13,6,2,2025
232,2025-06-15 10:00:00,2025-06-15,Sunday,10,6,2,2025
233,2025-06-15 00:47:00,2025-06-15,Sunday,0,6,2,2025
234,2025-06-15 19:56:00,2025-06-15,Sunday,19,6,2,2025
235,2025-06-15 05:41:00,2025-06-15,Sunday,5,6,2,2025
236,2025-06-15 14:35:00,2025-06-15,Sunday,14,6,2,2025
237,2025-06-15 00:20:00,2025-06-15,Sunday,0,6,2,2025
238,2025-06-15 17:07:00,2025-06-15,Sunday,17,6,2,2025
239,2025-06-15 12:36:00,2025-06-15,Sunday,12,6,2,2025
240,2025-06-15 13:28:00,2025-06-15,Sunday,13,6,2,2025
241,2025-06-15 21:13:00,2025-06-15,Sunday,21,6,2,2025
242,2025-06-15 04:03:00,2025-06-15,Sunday,4,6,2,2025
243,2025-06-15 08:25:00,2025-06-15,Sunday,8,6,2,2025
244,2025-06-15 12:56:00,2025-06-15,Sunday,12,6,2,2025
245,2025-06-15 03:58:00,2025-06-15,Sunday,3,6,2,2025
246,2025-06-15 08:16:00,2025-06-15,Sunday,8,6,2,2025
247,2025-06-15 02:20:00,2025-06-15,Sunday,2,6,2,2025
248,2025-06-15 21:12:00,2025-06-15,Sunday,21,6,2,2025
249,2025-06-15 15:22:00,2025-06-15,Sunday,15,6,2,2025
250,2025-06-15 18:01:00,2025-06-15,Sunday,18,6,2,2025
251,2025-06-15 21:29:00,2025-06-15,Sunday,21,6,2,2025
252,2025-06-15 20:10:00,2025-06-15,Sunday,20,6,2,2025
253,2025-06-15 19:29:00,2025-06-15,Sunday,19,6,2,2025
254,2025-06-15 09:29:00,2025-06-15,Sunday,9,6,2,2025
255,2025-06-15 13:12:00,2025-06-15,Sunday,13,6,2,2025
256,2025-06-15 01:45:00,2025-06-15,Sunday,1,6,2,2025
257,2025-06-15 15:10:00,2025-06-15,Sunday,15,6,2,2025
258,2025-06-15 21:08:00,2025-06-15,Sunday,21,6,2,2025
259,2025-06-15 03:39:00,2025-06-15,Sunday,3,6,2,2025
260,2025-06-15 03:44:00,2025-06-15,Sunday,3,6,2,2025
261,2025-06-15 09:20:00,2025-06-15,Sunday,9,6,2,2025
262,2025-06-15 07:15:00,2025-06-15,Sunday,7,6,2,2025
263,2025-06-15 01:38:00,2025-06-15,Sunday,1,6,2,2025
264,2025-06-15 16:37:00,2025-06-15,Sunday,16,6,2,2025
265,2025-06-15 01:15:00,2025-06-15,Sunday,1,6,2,2025
266,2025-06-15 13:14:00,2025-06-15,Sunday,13,6,2,2025
267,2025-06-15 20:40:00,2025-06-15,Sunday,20,6,2,2025
268,2025-06-15 20:01:00,2025-06-15,Sunday,20,6,2,2025
269,2025-06-15 15:51:00,2025-06-15,Sunday,15,6,2,2025
270,2025-06-15 01:32:00,2025-06-15,Sunday,1,6,2,2025
271,2025-06-15 10:24:00,2025-06-15,Sunday,10,6,2,2025
272,2025-06-15 17:26:00,2025-06-15,Sunday,17,6,2,2025
273,2025-06-15 18:51:00,2025-06-15,Sunday,18,6,2,2025
274,2025-06-15 16:46:00,2025-06-15,Sunday,16,6,2,2025
275,2025-06-15 21:10:00,2025-06-15,Sunday,21,6,2,2025
276,2025-06-15 12:22:00,2025-06-15,Sunday,12,6,2,2025
277,2025-06-15 01:03:00,2025-06-15,Sunday,1,6,2,2025
278,2025-06-15 11:34:00,2025-06-15,Sunday,11,6,2,2025
279,2025-06-15 08:19:00,2025-06-15,Sunday,8,6,2,2025
280,2025-06-15 15:58:00,2025-06-15,Sunday,15,6,2,2025
281,2025-06-15 04:19:00,2025-06-15,Sunday,4,6,2,2025
282,2025-06-15 23:51:00,2025-06-15,Sunday,23,6,2,2025
283,2025-06-15 14:27:00,2025-06-15,Sunday,14,6,2,2025
284,2025-06-15 15:03:00,2025-06-15,Sunday,15,6,2,2025
285,2025-06-15 20:18:00,2025-06-15,Sunday,20,6,2,2025
286,2025-06-15 23:22:00,2025-06-15,Sunday,23,6,2,2025
287,2025-06-15 17:12:00,2025-06-15,Sunday,17,6,2,2025
288,2025-06-15 01:22:00,2025-06-15,Sunday,1,6,2,2025
289,2025-06-15 05:53:00,2025-06-15,Sunday,5,6,2,2025
290,2025-06-15 11:54:00,2025-06-15,Sunday,11,6,2,2025
291,2025-06-15 19:39:00,2025-06-15,Sunday,19,6,2,2025
292,2025-06-15 10:08:00,2025-06-15,Sunday,10,6,2,2025
293,2025-06-15 13:16:00,2025-06-15,Sunday,13,6,2,2025
294,2025-06-15 01:44:00,2025-06-15,Sunday,1,6,2,2025
295,2025-06-15 11:58:00,2025-06-15,Sunday,11,6,2,2025
296,2025-06-15 17:41:00,2025-06-15,Sunday,17,6,2,2025
297,2025-06-15 08:07:00,2025-06-15,Sunday,8,6,2,2025
298,2025-06-15 23:17:00,2025-06-15,Sunday,23,6,2,2025
299,2025-06-15 01:33:00,2025-06-15,Sunday,1,6,2,2025
300,2025-06-15 12:10:00,2025-06-15,Sunday,12,6,2,2025
301,2025-06-15 12:35:00,2025-06-15,Sunday,12,6,2,2025
302,2025-06-15 00:03:00,2025-06-15,Sunday,0,6,2,2025
303,2025-06-15 08:43:00,2025-06-15,Sunday,8,6,2,2025
304,2025-06-15 10:03:00,2025-06-15,Sunday,10,6,2,2025
305,2025-06-15 02:19:00,2025-06-15,Sunday,2,6,2,2025
306,2025-06-15 07:28:00,2025-06-15,Sunday,7,6,2,2025
307,2025-06-15 22:20:00,2025-06-15,Sunday,22,6,2,2025
308,2025-06-15 19:24:00,2025-06-15,Sunday,19,6,2,2025
309,2025-06-15 16:35:00,2025-06-15,Sunday,16,6,2,2025
310,2025-06-15 15:06:00,2025-06-15,Sunday,15,6,2,2025
311,2025-06-15 07:55:00,2025-06-15,Sunday,7,6,2,2025
312,2025-06-15 06:25:00,2025-06-15,Sunday,6,6,2,2025
313,2025-06-15 17:24:00,2025-06-15,Sunday,17,6,2,2025
314,2025-06-15 03:12:00,2025-06-15,Sunday,3,6,2,2025
315,2025-06-15 01:41:00,2025-06-15,Sunday,1,6,2,2025
316,2025-06-15 20:59:00,2025-06-15,Sunday,20,6,2,2025
317,2025-06-15 13:43:00,2025-06-15,Sunday,13,6,2,2025
318,2025-06-15 05:20:00,2025-06-15,Sunday,5,6,2,2025
319,2025-06-15 04:47:00,2025-06-15,Sunday,4,6,2,2025
320,2025-06-15 01:02:00,2025-06-15,Sunday,1,6,2,2025
321,2025-06-15 07:30:00,2025-06-15,Sunday,7,6,2,2025
322,2025-06-15 10:47:00,2025-06-15,Sunday,10,6,2,2025
323,2025-06-15 18:36:00,2025-06-15,Sunday,18,6,2,2025
324,2025-06-15 12:32:00,2025-06-15,Sunday,12,6,2,2025
325,2025-06-15 18:10:00,2025-06-15,Sunday,18,6,2,2025
326,2025-06-15 03:38:00,2025-06-15,Sunday,3,6,2,2025
327,2025-06-15 22:43:00,2025-06-15,Sunday,22,6,2,2025
328,2025-06-15 13:04:00,2025-06-15,Sunday,13,6,2,2025
329,2025-06-15 20:08:00,2025-06-15,Sunday,20,6,2,2025
330,2025-06-15 08:20:00,2025-06-15,Sunday,8,6,2,2025
331,2025-06-15 20:30:00,2025-06-15,Sunday,20,6,2,2025
332,2025-06-15 13:22:00,2025-06-15,Sunday,13,6,2,2025
333,2025-06-15 06:37:00,2025-06-15,Sunday,6,6,2,2025
334,2025-06-15 13:24:00,2025-06-15,Sunday,13,6,2,2025
335,2025-06-15 08:40:00,2025-06-15,Sunday,8,6,2,2025
336,2025-06-15 08:18:00,2025-06-15,Sunday,8,6,2,2025
337,2025-06-15 00:18:00,2025-06-15,Sunday,0,6,2,2025
338,2025-06-15 06:27:00,2025-06-15,Sunday,6,6,2,2025
339,2025-06-15 10:59:00,2025-06-15,Sunday,10,6,2,2025
340,2025-06-15 14:59:00,2025-06-15,Sunday,14,6,2,2025
341,2025-06-15 11:53:00,2025-06-15,Sunday,11,6,2,2025
342,2025-06-15 10:42:00,2025-06-15,Sunday,10,6,2,2025
343,2025-06-15 17:40:00,2025-06-15,Sunday,17,6,2,2025
344,2025-06-15 22:44:00,2025-06-15,Sunday,22,6,2,2025
345,2025-06-15 10:19:00,2025-06-15,Sunday,10,6,2,2025
346,2025-06-15 21:32:00,2025-06-15,Sunday,21,6,2,2025
347,2025-06-15 00:07:00,2025-06-15,Sunday,0,6,2,2025
348,2025-06-15 00:31:00,2025-06-15,Sunday,0,6,2,2025
349,2025-06-15 16:43:00,2025-06-15,Sunday,16,6,2,2025
350,2025-06-15 15:25:00,2025-06-15,Sunday,15,6,2,2025
351,2025-06-15 04:08:00,2025-06-15,Sunday,4,6,2,2025
352,2025-06-15 16:21:00,2025-06-15,Sunday,16,6,2,2025
353,2025-06-15 04:12:00,2025-06-15,Sunday,4,6,2,2025
354,2025-06-15 02:41:00,2025-06-15,Sunday,2,6,2,2025
355,2025-06-15 06:10:00,2025-06-15,Sunday,6,6,2,2025
356,2025-06-15 04:10:00,2025-06-15,Sunday,4,6,2,2025
357,2025-06-15 13:17:00,2025-06-15,Sunday,13,6,2,2025
358,2025-06-15 20:58:00,2025-06-15,Sunday,20,6,2,2025
359,2025-06-15 05:01:00,2025-06-15,Sunday,5,6,2,2025
360,2025-06-15 06:04:00,2025-06-15,Sunday,6,6,2,2025
361,2025-06-15 04:17:00,2025-06-15,Sunday,4,6,2,2025
362,2025-06-15 22:18:00,2025-06-15,Sunday,22,6,2,2025
363,2025-06-15 13:19:00,2025-06-15,Sunday,13,6,2,2025
364,2025-06-15 06:57:00,2025-06-15,Sunday,6,6,2,2025
365,2025-06-15 17:39:00,2025-06-15,Sunday,17,6,2,2025
366,2025-06-15 03:01:00,2025-06-15,Sunday,3,6,2,2025
367,2025-06-15 13:44:00,2025-06-15,Sunday,13,6,2,2025
368,2025-06-15 16:00:00,2025-06-15,Sunday,16,6,2,2025
369,2025-06-15 22:24:00,2025-06-15,Sunday,22,6,2,2025
370,2025-06-15 09:49:00,2025-06-15,Sunday,9,6,2,2025
371,2025-06-15 09:01:00,2025-06-15,Sunday,9,6,2,2025
372,2025-06-15 22:12:00,2025-06-15,Sunday,22,6,2,2025
373,2025-06-15 21:53:00,2025-06-15,Sunday,21,6,2,2025
374,2025-06-15 01:17:00,2025-06-15,Sunday,1,6,2,2025
375,2025-06-15 08:42:00,2025-06-15,Sunday,8,6,2,2025
376,2025-06-15 22:45:00,2025-06-15,Sunday,22,6,2,2025
377,2025-06-15 18:54:00,2025-06-15,Sunday,18,6,2,2025
378,2025-06-15 09:38:00,2025-06-15,Sunday,9,6,2,2025
379,2025-06-15 02:42:00,2025-06-15,Sunday,2,6,2,2025
380,2025-06-15 13:33:00,2025-06-15,Sunday,13,6,2,2025
381,2025-06-15 21:23:00,2025-06-15,Sunday,21,6,2,2025
382,2025-06-15 01:51:00,2025-06-15,Sunday,1,6,2,2025
383,2025-06-15 05:32:00,2025-06-15,Sunday,5,6,2,2025
384,2025-06-15 16:51:00,2025-06-15,Sunday,16,6,2,2025
385,2025-06-15 13:58:00,2025-06-15,Sunday,13,6,2,2025
386,2025-06-15 08:54:00,2025-06-15,Sunday,8,6,2,2025
387,2025-06-15 00:24:00,2025-06-15,Sunday,0,6,2,2025
388,2025-06-15 14:58:00,2025-06-15,Sunday,14,6,2,2025
389,2025-06-15 11:44:00,2025-06-15,Sunday,11,6,2,2025
390,2025-06-15 07:14:00,2025-06-15,Sunday,7,6,2,2025
391,2025-06-15 00:58:00,2025-06-15,Sunday,0,6,2,2025
392,2025-06-15 13:10:00,2025-06-15,Sunday,13,6,2,2025
393,2025-06-15 09:09:00,2025-06-15,Sunday,9,6,2,2025
394,2025-06-15 07:53:00,2025-06-15,Sunday,7,6,2,2025
395,2025-06-15 16:26:00,2025-06-15,Sunday,16,6,2,2025
396,2025-06-15 16:54:00,2025-06-15,Sunday,16,6,2,2025
397,2025-06-15 06:19:00,2025-06-15,Sunday,6,6,2,2025
398,2025-06-15 21:46:00,2025-06-15,Sunday,21,6,2,2025
399,2025-06-15 17:32:00,2025-06-15,Sunday,17,6,2,2025
400,2025-06-15 20:57:00,2025-06-15,Sunday,20,6,2,2025
401,2025-06-15 06:46:00,2025-06-15,Sunday,6,6,2,2025
402,2025-06-15 17:34:00,2025-06-15,Sunday,17,6,2,2025
403,2025-06-15 08:59:00,2025-06-15,Sunday,8,6,2,2025
404,2025-06-15 03:04:00,2025-06-15,Sunday,3,6,2,2025
405,2025-06-15 10:10:00,2025-06-15,Sunday,10,6,2,2025
406,2025-06-15 20:49:00,2025-06-15,Sunday,20,6,2,2025
407,2025-06-15 02:07:00,2025-06-15,Sunday,2,6,2,2025
408,2025-06-15 03:56:00,2025-06-15,Sunday,3,6,2,2025
409,2025-06-15 03:43:00,2025-06-15,Sunday,3,6,2,2025
410,2025-06-15 13:29:00,2025-06-15,Sunday,13,6,2,2025
411,2025-06-15 08:44:00,2025-06-15,Sunday,8,6,2,2025
412,2025-06-15 16:53:00,2025-06-15,Sunday,16,6,2,2025
413,2025-06-15 20:51:00,2025-06-15,Sunday,20,6,2,2025
414,2025-06-15 21:22:00,2025-06-15,Sunday,21,6,2,2025
415,2025-06-15 20:32:00,2025-06-15,Sunday,20,6,2,2025
416,2025-06-15 06:14:00,2025-06-15,Sunday,6,6,2,2025
417,2025-06-15 17:03:00,2025-06-15,Sunday,17,6,2,2025
418,2025-06-15 19:02:00,2025-06-15,Sunday,19,6,2,2025
419,2025-06-15 16:04:00,2025-06-15,Sunday,16,6,2,2025
420,2025-06-15 03:32:00,2025-06-15,Sunday,3,6,2,2025
421,2025-06-15 00:32:00,2025-06-15,Sunday,0,6,2,2025
422,2025-06-15 11:27:00,2025-06-15,Sunday,11,6,2,2025
423,2025-06-15 11:29:00,2025-06-15,Sunday,11,6,2,2025
424,2025-06-15 16:33:00,2025-06-15,Sunday,16,6,2,2025
425,2025-06-15 11:00:00,2025-06-15,Sunday,11,6,2,2025
426,2025-06-15 10:40:00,2025-06-15,Sunday,10,6,2,2025
427,2025-06-15 17:31:00,2025-06-15,Sunday,17,6,2,2025
428,2025-06-15 13:20:00,2025-06-15,Sunday,13,6,2,2025
429,2025-06-15 05:36:00,2025-06-15,Sunday,5,6,2,2025
430,2025-06-15 19:32:00,2025-06-15,Sunday,19,6,2,2025
431,2025-06-15 10:51:00,2025-06-15,Sunday,10,6,2,2025
432,2025-06-15 21:28:00,2025-06-15,Sunday,21,6,2,2025
433,2025-06-15 02:51:00,2025-06-15,Sunday,2,6,2,2025
434,2025-06-15 18:26:00,2025-06-15,Sunday,18,6,2,2025
435,2025-06-15 21:40:00,2025-06-15,Sunday,21,6,2,2025
436,2025-06-15 12:55:00,2025-06-15,Sunday,12,6,2,2025
437,2025-06-15 10:28:00,2025-06-15,Sunday,10,6,2,2025
438,2025-06-15 07:59:00,2025-06-15,Sunday,7,6,2,2025
439,2025-06-15 11:10:00,2025-06-15,Sunday,11,6,2,2025
440,2025-06-15 16:36:00,2025-06-15,Sunday,16,6,2,2025
441,2025-06-15 16:16:00,2025-06-15,Sunday,16,6,2,2025
442,2025-06-15 03:51:00,2025-06-15,Sunday,3,6,2,2025
443,2025-06-15 11:45:00,2025-06-15,Sunday,11,6,2,2025
444,2025-06-15 07:22:00,2025-06-15,Sunday,7,6,2,2025
445,2025-06-15 11:55:00,2025-06-15,Sunday,11,6,2,2025
446,2025-06-15 15:01:00,2025-06-15,Sunday,15,6,2,2025
447,2025-06-15 11:52:00,2025-06-15,Sunday,11,6,2,2025
448,2025-06-15 00:17:00,2025-06-15,Sunday,0,6,2,2025
449,2025-06-15 10:27:00,2025-06-15,Sunday,10,6,2,2025
450,2025-06-15 15:44:00,2025-06-15,Sunday,15,6,2,2025
451,2025-06-15 03:45:00,2025-06-15,Sunday,3,6,2,2025
452,2025-06-15 18:23:00,2025-06-15,Sunday,18,6,2,2025
453,2025-06-15 18:57:00,2025-06-15,Sunday,18,6,2,2025
454,2025-06-15 23:14:00,2025-06-15,Sunday,23,6,2,2025
455,2025-06-15 23:41:00,2025-06-15,Sunday,23,6,2,2025
456,2025-06-15 18:37:00,2025-06-15,Sunday,18,6,2,2025
457,2025-06-15 00:12:00,2025-06-15,Sunday,0,6,2,2025
458,2025-06-15 04:48:00,2025-06-15,Sunday,4,6,2,2025
459,2025-06-15 10:09:00,2025-06-15,Sunday,10,6,2,2025
460,2025-06-15 02:47:00,2025-06-15,Sunday,2,6,2,2025
461,2025-06-15 18:43:00,2025-06-15,Sunday,18,6,2,2025
462,2025-06-15 23:27:00,2025-06-15,Sunday,23,6,2,2025
463,2025-06-15 09:43:00,2025-06-15,Sunday,9,6,2,2025
464,2025-06-15 02:38:00,2025-06-15,Sunday,2,6,2,2025
465,2025-06-15 21:39:00,2025-06-15,Sunday,21,6,2,2025
466,2025-06-15 10:43:00,2025-06-15,Sunday,10,6,2,2025
467,2025-06-15 12:52:00,2025-06-15,Sunday,12,6,2,2025
468,2025-06-15 22:56:00,2025-06-15,Sunday,22,6,2,2025
469,2025-06-15 19:16:00,2025-06-15,Sunday,19,6,2,2025
470,2025-06-15 11:59:00,2025-06-15,Sunday,11,6,2,2025
471,2025-06-15 21:51:00,2025-06-15,Sunday,21,6,2,2025
472,2025-06-15 15:29:00,2025-06-15,Sunday,15,6,2,2025
473,2025-06-15 04:58:00,2025-06-15,Sunday,4,6,2,2025
474,2025-06-15 20:16:00,2025-06-15,Sunday,20,6,2,2025
475,2025-06-15 07:44:00,2025-06-15,Sunday,7,6,2,2025
476,2025-06-15 14:56:00,2025-06-15,Sunday,14,6,2,2025
477,2025-06-15 03:34:00,2025-06-15,Sunday,3,6,2,2025
478,2025-06-15 16:06:00,2025-06-15,Sunday,16,6,2,2025
479,2025-06-15 17:13:00,2025-06-15,Sunday,17,6,2,2025
480,2025-06-15 00:36:00,2025-06-15,Sunday,0,6,2,2025
481,2025-06-15 11:01:00,2025-06-15,Sunday,11,6,2,2025
482,2025-06-15 11:47:00,2025-06-15,Sunday,11,6,2,2025
483,2025-06-15 18:05:00,2025-06-15,Sunday,18,6,2,2025
484,2025-06-15 15:50:00,2025-06-15,Sunday,15,6,2,2025
485,2025-06-15 12:25:00,2025-06-15,Sunday,12,6,2,2025
486,2025-06-15 15:07:00,2025-06-15,Sunday,15,6,2,2025
487,2025-06-15 07:33:00,2025-06-15,Sunday,7,6,2,2025
488,2025-06-15 03:17:00,2025-06-15,Sunday,3,6,2,2025
489,2025-06-15 03:50:00,2025-06-15,Sunday,3,6,2,2025
490,2025-06-15 08:33:00,2025-06-15,Sunday,8,6,2,2025
491,2025-06-15 22:58:00,2025-06-15,Sunday,22,6,2,2025
492,2025-06-15 01:04:00,2025-06-15,Sunday,1,6,2,2025
493,2025-06-15 08:08:00,2025-06-15,Sunday,8,6,2,2025
494,2025-06-15 07:26:00,2025-06-15,Sunday,7,6,2,2025
495,2025-06-15 11:38:00,2025-06-15,Sunday,11,6,2,2025
496,2025-06-15 18:41:00,2025-06-15,Sunday,18,6,2,2025
497,2025-06-15 08:02:00,2025-06-15,Sunday,8,6,2,2025
498,2025-06-15 14:06:00,2025-06-15,Sunday,14,6,2,2025
499,2025-06-15 01:21:00,2025-06-15,Sunday,1,6,2,2025
500,2025-06-15 17:23:00,2025-06-15,Sunday,17,6,2,2025
501,2025-06-15 18:02:00,2025-06-15,Sunday,18,6,2,2025
502,2025-06-15 23:28:00,2025-06-15,Sunday,23,6,2,2025
503,2025-06-15 13:08:00,2025-06-15,Sunday,13,6,2,2025
504,2025-06-15 06:18:00,2025-06-15,Sunday,6,6,2,2025
505,2025-06-15 09:02:00,2025-06-15,Sunday,9,6,2,2025
506,2025-06-15 12:13:00,2025-06-15,Sunday,12,6,2,2025
507,2025-06-15 07:42:00,2025-06-15,Sunday,7,6,2,2025
508,2025-06-15 22:00:00,2025-06-15,Sunday,22,6,2,2025
509,2025-06-15 15:57:00,2025-06-15,Sunday,15,6,2,2025
510,2025-06-15 08:26:00,2025-06-15,Sunday,8,6,2,2025
511,2025-06-15 02:56:00,2025-06-15,Sunday,2,6,2,2025
512,2025-06-15 00:23:00,2025-06-15,Sunday,0,6,2,2025
513,2025-06-15 07:07:00,2025-06-15,Sunday,7,6,2,2025
514,2025-06-15 13:47:00,2025-06-15,Sunday,13,6,2,2025
515,2025-06-15 05:25:00,2025-06-15,Sunday,5,6,2,2025
516,2025-06-15 10:18:00,2025-06-15,Sunday,10,6,2,2025
517,2025-06-15 14:34:00,2025-06-15,Sunday,14,6,2,2025
518,2025-06-15 17:22:00,2025-06-15,Sunday,17,6,2,2025
519,2025-06-15 18:33:00,2025-06-15,Sunday,18,6,2,2025
520,2025-06-15 17:44:00,2025-06-15,Sunday,17,6,2,2025
521,2025-06-15 15:26:00,2025-06-15,Sunday,15,6,2,2025
522,2025-06-15 07:16:00,2025-06-15,Sunday,7,6,2,2025
523,2025-06-15 01:57:00,2025-06-15,Sunday,1,6,2,2025
524,2025-06-15 09:11:00,2025-06-15,Sunday,9,6,2,2025
525,2025-06-15 01:20:00,2025-06-15,Sunday,1,6,2,2025
526,2025-06-15 02:28:00,2025-06-15,Sunday,2,6,2,2025
527,2025-06-15 07:37:00,2025-06-15,Sunday,7,6,2,2025
528,2025-06-15 06:39:00,2025-06-15,Sunday,6,6,2,2025
529,2025-06-15 03:23:00,2025-06-15,Sunday,3,6,2,2025
530,2025-06-15 21:21:00,2025-06-15,Sunday,21,6,2,2025
531,2025-06-15 06:16:00,2025-06-15,Sunday,6,6,2,2025
532,2025-06-15 08:01:00,2025-06-15,Sunday,8,6,2,2025
533,2025-06-15 12:49:00,2025-06-15,Sunday,12,6,2,2025
534,2025-06-15 05:43:00,2025-06-15,Sunday,5,6,2,2025
535,2025-06-15 23:20:00,2025-06-15,Sunday,23,6,2,2025
536,2025-06-15 17:28:00,2025-06-15,Sunday,17,6,2,2025
537,2025-06-15 17:53:00,2025-06-15,Sunday,17,6,2,2025
538,2025-06-15 15:39:00,2025-06-15,Sunday,15,6,2,2025
539,2025-06-15 15:33:00,2025-06-15,Sunday,15,6,2,2025
540,2025-06-15 02:46:00,2025-06-15,Sunday,2,6,2,2025
541,2025-06-15 03:20:00,2025-06-15,Sunday,3,6,2,2025
542,2025-06-15 04:11:00,2025-06-15,Sunday,4,6,2,2025
543,2025-06-15 17:57:00,2025-06-15,Sunday,17,6,2,2025
544,2025-06-15 14:09:00,2025-06-15,Sunday,14,6,2,2025
545,2025-06-15 00:39:00,2025-06-15,Sunday,0,6,2,2025
546,2025-06-15 09:41:00,2025-06-15,Sunday,9,6,2,2025
547,2025-06-15 22:54:00,2025-06-15,Sunday,22,6,2,2025
548,2025-06-15 15:46:00,2025-06-15,Sunday,15,6,2,2025
549,2025-06-15 21:55:00,2025-06-15,Sunday,21,6,2,2025
550,2025-06-15 09:36:00,2025-06-15,Sunday,9,6,2,2025
551,2025-06-15 07:57:00,2025-06-15,Sunday,7,6,2,2025
552,2025-06-15 12:53:00,2025-06-15,Sunday,12,6,2,2025
553,2025-06-15 03:33:00,2025-06-15,Sunday,3,6,2,2025
554,2025-06-15 19:35:00,2025-06-15,Sunday,19,6,2,2025
555,2025-06-15 23:47:00,2025-06-15,Sunday,23,6,2,2025
556,2025-06-15 01:46:00,2025-06-15,Sunday,1,6,2,2025
557,2025-06-15 23:10:00,2025-06-15,Sunday,23,6,2,2025
558,2025-06-15 06:38:00,2025-06-15,Sunday,6,6,2,2025
559,2025-06-15 08:48:00,2025-06-15,Sunday,8,6,2,2025
560,2025-06-15 19:51:00,2025-06-15,Sunday,19,6,2,2025
561,2025-06-15 05:06:00,2025-06-15,Sunday,5,6,2,2025
562,2025-06-15 21:38:00,2025-06-15,Sunday,21,6,2,2025
563,2025-06-15 16:19:00,2025-06-15,Sunday,16,6,2,2025
564,2025-06-15 14:21:00,2025-06-15,Sunday,14,6,2,2025
565,2025-06-15 05:16:00,2025-06-15,Sunday,5,6,2,2025
566,2025-06-15 00:45:00,2025-06-15,Sunday,0,6,2,2025
567,2025-06-15 15:19:00,2025-06-15,Sunday,15,6,2,2025
568,2025-06-15 01:23:00,2025-06-15,Sunday,1,6,2,2025
569,2025-06-15 19:17:00,2025-06-15,Sunday,19,6,2,2025
570,2025-06-15 17:38:00,2025-06-15,Sunday,17,6,2,2025
571,2025-06-15 00:40:00,2025-06-15,Sunday,0,6,2,2025
572,2025-06-15 09:35:00,2025-06-15,Sunday,9,6,2,2025
573,2025-06-15 20:06:00,2025-06-15,Sunday,20,6,2,2025
574,2025-06-15 03:16:00,2025-06-15,Sunday,3,6,2,2025
575,2025-06-15 16:27:00,2025-06-15,Sunday,16,6,2,2025
576,2025-06-15 10:56:00,2025-06-15,Sunday,10,6,2,2025
577,2025-06-15 23:53:00,2025-06-15,Sunday,23,6,2,2025
578,2025-06-15 20:31:00,2025-06-15,Sunday,20,6,2,2025
579,2025-06-15 09:07:00,2025-06-15,Sunday,9,6,2,2025
580,2025-06-15 05:55:00,2025-06-15,Sunday,5,6,2,2025
581,2025-06-15 19:15:00,2025-06-15,Sunday,19,6,2,2025
582,2025-06-15 13:42:00,2025-06-15,Sunday,13,6,2,2025
583,2025-06-15 05:10:00,2025-06-15,Sunday,5,6,2,2025
584,2025-06-15 18:40:00,2025-06-15,Sunday,18,6,2,2025
585,2025-06-15 18:52:00,2025-06-15,Sunday,18,6,2,2025
586,2025-06-15 03:47:00,2025-06-15,Sunday,3,6,2,2025
587,2025-06-15 23:03:00,2025-06-15,Sunday,23,6,2,2025
588,2025-06-15 15:41:00,2025-06-15,Sunday,15,6,2,2025
589,2025-06-15 03:07:00,2025-06-15,Sunday,3,6,2,2025
590,2025-06-15 19:40:00,2025-06-15,Sunday,19,6,2,2025
591,2025-06-15 09:25:00,2025-06-15,Sunday,9,6,2,2025
592,2025-06-15 05:52:00,2025-06-15,Sunday,5,6,2,2025
593,2025-06-15 14:31:00,2025-06-15,Sunday,14,6,2,2025
594,2025-06-15 07:58:00,2025-06-15,Sunday,7,6,2,2025
595,2025-06-15 17:08:00,2025-06-15,Sunday,17,6,2,2025
596,2025-06-15 11:22:00,2025-06-15,Sunday,11,6,2,2025
597,2025-06-15 10:02:00,2025-06-15,Sunday,10,6,2,2025
598,2025-06-15 21:25:00,2025-06-15,Sunday,21,6,2,2025
599,2025-06-15 06:47:00,2025-06-15,Sunday,6,6,2,2025
600,2025-06-15 01:54:00,2025-06-15,Sunday,1,6,2,2025
601,2025-06-15 10:38:00,2025-06-15,Sunday,10,6,2,2025
602,2025-06-15 11:50:00,2025-06-15,Sunday,11,6,2,2025
603,2025-06-15 05:11:00,2025-06-15,Sunday,5,6,2,2025
604,2025-06-15 18:19:00,2025-06-15,Sunday,18,6,2,2025
605,2025-06-15 14:38:00,2025-06-15,Sunday,14,6,2,2025
606,2025-06-15 06:20:00,2025-06-15,Sunday,6,6,2,2025
607,2025-06-15 13:02:00,2025-06-15,Sunday,13,6,2,2025
608,2025-06-15 06:24:00,2025-06-15,Sunday,6,6,2,2025
609,2025-06-15 23:09:00,2025-06-15,Sunday,23,6,2,2025
610,2025-06-15 18:50:00,2025-06-15,Sunday,18,6,2,2025
611,2025-06-15 07:06:00,2025-06-15,Sunday,7,6,2,2025
612,2025-06-15 17:17:00,2025-06-15,Sunday,17,6,2,2025
613,2025-06-15 21:09:00,2025-06-15,Sunday,21,6,2,2025
614,2025-06-15 03:59:00,2025-06-15,Sunday,3,6,2,2025
615,2025-06-15 05:08:00,2025-06-15,Sunday,5,6,2,2025
616,2025-06-15 01:26:00,2025-06-15,Sunday,1,6,2,2025
617,2025-06-15 23:37:00,2025-06-15,Sunday,23,6,2,2025
618,2025-06-15 16:03:00,2025-06-15,Sunday,16,6,2,2025
619,2025-06-15 05:28:00,2025-06-15,Sunday,5,6,2,2025
620,2025-06-15 02:33:00,2025-06-15,Sunday,2,6,2,2025
621,2025-06-15 19:48:00,2025-06-15,Sunday,19,6,2,2025
622,2025-06-15 00:44:00,2025-06-15,Sunday,0,6,2,2025
623,2025-06-15 17:45:00,2025-06-15,Sunday,17,6,2,2025
624,2025-06-15 01:42:00,2025-06-15,Sunday,1,6,2,2025
625,2025-06-15 03:05:00,2025-06-15,Sunday,3,6,2,2025
626,2025-06-15 18:03:00,2025-06-15,Sunday,18,6,2,2025
627,2025-06-15 21:59:00,2025-06-15,Sunday,21,6,2,2025
628,2025-06-15 08:31:00,2025-06-15,Sunday,8,6,2,2025
629,2025-06-15 14:18:00,2025-06-15,Sunday,14,6,2,2025
630,2025-06-15 14:20:00,2025-06-15,Sunday,14,6,2,2025
631,2025-06-15 00:38:00,2025-06-15,Sunday,0,6,2,2025
632,2025-06-15 16:08:00,2025-06-15,Sunday,16,6,2,2025
633,2025-06-15 11:25:00,2025-06-15,Sunday,11,6,2,2025
634,2025-06-15 09:06:00,2025-06-15,Sunday,9,6,2,2025
635,2025-06-15 23:38:00,2025-06-15,Sunday,23,6,2,2025
636,2025-06-15 02:13:00,2025-06-15,Sunday,2,6,2,2025
637,2025-06-15 13:46:00,2025-06-15,Sunday,13,6,2,2025
638,2025-06-15 06:59:00,2025-06-15,Sunday,6,6,2,2025
639,2025-06-15 23:30:00,2025-06-15,Sunday,23,6,2,2025
640,2025-06-15 09:23:00,2025-06-15,Sunday,9,6,2,2025
641,2025-06-15 14:55:00,2025-06-15,Sunday,14,6,2,2025
642,2025-06-15 00:10:00,2025-06-15,Sunday,0,6,2,2025
643,2025-06-15 09:19:00,2025-06-15,Sunday,9,6,2,2025
644,2025-06-15 08:49:00,2025-06-15,Sunday,8,6,2,2025
645,2025-06-15 16:10:00,2025-06-15,Sunday,16,6,2,2025
646,2025-06-15 17:42:00,2025-06-15,Sunday,17,6,2,2025
647,2025-06-15 18:20:00,2025-06-15,Sunday,18,6,2,2025
648,2025-06-15 22:30:00,2025-06-15,Sunday,22,6,2,2025
649,2025-06-15 02:43:00,2025-06-15,Sunday,2,6,2,2025
650,2025-06-15 01:09:00,2025-06-15,Sunday,1,6,2,2025
651,2025-06-15 10:44:00,2025-06-15,Sunday,10,6,2,2025
652,2025-06-15 13:59:00,2025-06-15,Sunday,13,6,2,2025
653,2025-06-15 08:05:00,2025-06-15,Sunday,8,6,2,2025
654,2025-06-15 15:16:00,2025-06-15,Sunday,15,6,2,2025
655,2025-06-15 19:44:00,2025-06-15,Sunday,19,6,2,2025
656,2025-06-15 21:06:00,2025-06-15,Sunday,21,6,2,2025
657,2025-06-15 15:17:00,2025-06-15,Sunday,15,6,2,2025
658,2025-06-15 04:52:00,2025-06-15,Sunday,4,6,2,2025
659,2025-06-15 09:15:00,2025-06-15,Sunday,9,6,2,2025
660,2025-06-15 08:50:00,2025-06-15,Sunday,8,6,2,2025
661,2025-06-15 15:14:00,2025-06-15,Sunday,15,6,2,2025
662,2025-06-15 20:05:00,2025-06-15,Sunday,20,6,2,2025
663,2025-06-15 08:04:00,2025-06-15,Sunday,8,6,2,2025
664,2025-06-15 10:07:00,2025-06-15,Sunday,10,6,2,2025
665,2025-06-15 06:49:00,2025-06-15,Sunday,6,6,2,2025
666,2025-06-15 05:07:00,2025-06-15,Sunday,5,6,2,2025
667,2025-06-15 21:49:00,2025-06-15,Sunday,21,6,2,2025
668,2025-06-15 14:51:00,2025-06-15,Sunday,14,6,2,2025
669,2025-06-15 10:29:00,2025-06-15,Sunday,10,6,2,2025
670,2025-06-15 02:03:00,2025-06-15,Sunday,2,6,2,2025
671,2025-06-15 20:46:00,2025-06-15,Sunday,20,6,2,2025
672,2025-06-15 21:05:00,2025-06-15,Sunday,21,6,2,2025
673,2025-06-15 11:16:00,2025-06-15,Sunday,11,6,2,2025
674,2025-06-15 05:15:00,2025-06-15,Sunday,5,6,2,2025
675,2025-06-15 12:29:00,2025-06-15,Sunday,12,6,2,2025
676,2025-06-15 15:52:00,2025-06-15,Sunday,15,6,2,2025
677,2025-06-15 07:50:00,2025-06-15,Sunday,7,6,2,2025
678,2025-06-15 14:30:00,2025-06-15,Sunday,14,6,2,2025
679,2025-06-15 02:48:00,2025-06-15,Sunday,2,6,2,2025
680,2025-06-15 19:12:00,2025-06-15,Sunday,19,6,2,2025
681,2025-06-15 21:42:00,2025-06-15,Sunday,21,6,2,2025
682,2025-06-15 20:52:00,2025-06-15,Sunday,20,6,2,2025
683,2025-06-15 08:09:00,2025-06-15,Sunday,8,6,2,2025
684,2025-06-15 05:45:00,2025-06-15,Sunday,5,6,2,2025
685,2025-06-15 11:11:00,2025-06-15,Sunday,11,6,2,2025
686,2025-06-15 20:17:00,2025-06-15,Sunday,20,6,2,2025
687,2025-06-15 06:34:00,2025-06-15,Sunday,6,6,2,2025
688,2025-06-15 20:54:00,2025-06-15,Sunday,20,6,2,2025
689,2025-06-15 02:30:00,2025-06-15,Sunday,2,6,2,2025
690,2025-06-15 14:52:00,2025-06-15,Sunday,14,6,2,2025
691,2025-06-15 12:33:00,2025-06-15,Sunday,12,6,2,2025
692,2025-06-15 20:13:00,2025-06-15,Sunday,20,6,2,2025
693,2025-06-15 16:32:00,2025-06-15,Sunday,16,6,2,2025
694,2025-06-15 22:36:00,2025-06-15,Sunday,22,6,2,2025
695,2025-06-15 08:06:00,2025-06-15,Sunday,8,6,2,2025
696,2025-06-15 08:47:00,2025-06-15,Sunday,8,6,2,2025
697,2025-06-15 11:12:00,2025-06-15,Sunday,11,6,2,2025
698,2025-06-15 12:07:00,2025-06-15,Sunday,12,6,2,2025
699,2025-06-15 10:46:00,2025-06-15,Sunday,10,6,2,2025
700,2025-06-15 08:37:00,2025-06-15,Sunday,8,6,2,2025
701,2025-06-15 00:04:00,2025-06-15,Sunday,0,6,2,2025
702,2025-06-15 10:37:00,2025-06-15,Sunday,10,6,2,2025
703,2025-06-15 08:11:00,2025-06-15,Sunday,8,6,2,2025
704,2025-06-15 20:55:00,2025-06-15,Sunday,20,6,2,2025
705,2025-06-15 08:51:00,2025-06-15,Sunday,8,6,2,2025
706,2025-06-15 00:42:00,2025-06-15,Sunday,0,6,2,2025
707,2025-06-15 11:56:00,2025-06-15,Sunday,11,6,2,2025
708,2025-06-15 04:50:00,2025-06-15,Sunday,4,6,2,2025
709,2025-06-15 18:39:00,2025-06-15,Sunday,18,6,2,2025
710,2025-06-15 12:54:00,2025-06-15,Sunday,12,6,2,2025
711,2025-06-15 18:08:00,2025-06-15,Sunday,18,6,2,2025
712,2025-06-15 15:12:00,2025-06-15,Sunday,15,6,2,2025
713,2025-06-15 21:18:00,2025-06-15,Sunday,21,6,2,2025
714,2025-06-15 13:23:00,2025-06-15,Sunday,13,6,2,2025
715,2025-06-15 01:40:00,2025-06-15,Sunday,1,6,2,2025
716,2025-06-15 16:17:00,2025-06-15,Sunday,16,6,2,2025
717,2025-06-15 16:20:00,2025-06-15,Sunday,16,6,2,2025
718,2025-06-15 15:40:00,2025-06-15,Sunday,15,6,2,2025
719,2025-06-15 22:49:00,2025-06-15,Sunday,22,6,2,2025
720,2025-06-15 09:37:00,2025-06-15,Sunday,9,6,2,2025
721,2025-06-15 04:01:00,2025-06-15,Sunday,4,6,2,2025
722,2025-06-15 01:12:00,2025-06-15,Sunday,1,6,2,2025
723,2025-06-15 20:47:00,2025-06-15,Sunday,20,6,2,2025
724,2025-06-15 19:41:00,2025-06-15,Sunday,19,6,2,2025
725,2025-06-15 05:24:00,2025-06-15,Sunday,5,6,2,2025
726,2025-06-15 23:48:00,2025-06-15,Sunday,23,6,2,2025
727,2025-06-15 04:37:00,2025-06-15,Sunday,4,6,2,2025
728,2025-06-15 10:01:00,2025-06-15,Sunday,10,6,2,2025
729,2025-06-15 18:48:00,2025-06-15,Sunday,18,6,2,2025
730,2025-06-15 18:32:00,2025-06-15,Sunday,18,6,2,2025
731,2025-06-15 03:09:00,2025-06-15,Sunday,3,6,2,2025
732,2025-06-15 16:01:00,2025-06-15,Sunday,16,6,2,2025
733,2025-06-15 06:56:00,2025-06-15,Sunday,6,6,2,2025
734,2025-06-15 21:17:00,2025-06-15,Sunday,21,6,2,2025
735,2025-06-15 15:23:00,2025-06-15,Sunday,15,6,2,2025
736,2025-06-15 17:09:00,2025-06-15,Sunday,17,6,2,2025
737,2025-06-15 18:22:00,2025-06-15,Sunday,18,6,2,2025
738,2025-06-15 02:32:00,2025-06-15,Sunday,2,6,2,2025
739,2025-06-15 20:28:00,2025-06-15,Sunday,20,6,2,2025
740,2025-06-15 23:01:00,2025-06-15,Sunday,23,6,2,2025
741,2025-06-15 22:37:00,2025-06-15,Sunday,22,6,2,2025
742,2025-06-15 09:51:00,2025-06-15,Sunday,9,6,2,2025
743,2025-06-15 19:10:00,2025-06-15,Sunday,19,6,2,2025
744,2025-06-15 06:31:00,2025-06-15,Sunday,6,6,2,2025
745,2025-06-15 20:34:00,2025-06-15,Sunday,20,6,2,2025
746,2025-06-15 16:23:00,2025-06-15,Sunday,16,6,2,2025
747,2025-06-15 05:58:00,2025-06-15,Sunday,5,6,2,2025
748,2025-06-15 18:49:00,2025-06-15,Sunday,18,6,2,2025
749,2025-06-15 21:58:00,2025-06-15,Sunday,21,6,2,2025
750,2025-06-15 21:27:00,2025-06-15,Sunday,21,6,2,2025
751,2025-06-15 10:14:00,2025-06-15,Sunday,10,6,2,2025
752,2025-06-15 13:05:00,2025-06-15,Sunday,13,6,2,2025
753,2025-06-15 04:22:00,2025-06-15,Sunday,4,6,2,2025
754,2025-06-15 19:05:00,2025-06-15,Sunday,19,6,2,2025
755,2025-06-15 07:35:00,2025-06-15,Sunday,7,6,2,2025
756,2025-06-15 03:22:00,2025-06-15,Sunday,3,6,2,2025
757,2025-06-15 07:29:00,2025-06-15,Sunday,7,6,2,2025
758,2025-06-15 15:47:00,2025-06-15,Sunday,15,6,2,2025
759,2025-06-15 14:50:00,2025-06-15,Sunday,14,6,2,2025
760,2025-06-15 20:41:00,2025-06-15,Sunday,20,6,2,2025
761,2025-06-15 21:03:00,2025-06-15,Sunday,21,6,2,2025
762,2025-06-15 15:32:00,2025-06-15,Sunday,15,6,2,2025
763,2025-06-15 18:53:00,2025-06-15,Sunday,18,6,2,2025
764,2025-06-15 19:45:00,2025-06-15,Sunday,19,6,2,2025
765,2025-06-15 16:34:00,2025-06-15,Sunday,16,6,2,2025
766,2025-06-15 14:39:00,2025-06-15,Sunday,14,6,2,2025
767,2025-06-15 05:14:00,2025-06-15,Sunday,5,6,2,2025
768,2025-06-15 16:05:00,2025-06-15,Sunday,16,6,2,2025
769,2025-06-15 19:46:00,2025-06-15,Sunday,19,6,2,2025
770,2025-06-15 22:07:00,2025-06-15,Sunday,22,6,2,2025
771,2025-06-15 08:46:00,2025-06-15,Sunday,8,6,2,2025
772,2025-06-15 01:35:00,2025-06-15,Sunday,1,6,2,2025
773,2025-06-15 12:01:00,2025-06-15,Sunday,12,6,2,2025
774,2025-06-15 17:33:00,2025-06-15,Sunday,17,6,2,2025
775,2025-06-15 15:48:00,2025-06-15,Sunday,15,6,2,2025
776,2025-06-15 13:56:00,2025-06-15,Sunday,13,6,2,2025
777,2025-06-15 16:15:00,2025-06-15,Sunday,16,6,2,2025
778,2025-06-15 16:12:00,2025-06-15,Sunday,16,6,2,2025
779,2025-06-15 19:50:00,2025-06-15,Sunday,19,6,2,2025
780,2025-06-15 02:14:00,2025-06-15,Sunday,2,6,2,2025
781,2025-06-15 06:32:00,2025-06-15,Sunday,6,6,2,2025
782,2025-06-15 23:05:00,2025-06-15,Sunday,23,6,2,2025
783,2025-06-15 05:23:00,2025-06-15,Sunday,5,6,2,2025
784,2025-06-15 02:53:00,2025-06-15,Sunday,2,6,2,2025
785,2025-06-15 13:32:00,2025-06-15,Sunday,13,6,2,2025
786,2025-06-15 23:08:00,2025-06-15,Sunday,23,6,2,2025
787,2025-06-15 04:46:00,2025-06-15,Sunday,4,6,2,2025
788,2025-06-15 11:33:00,2025-06-15,Sunday,11,6,2,2025
789,2025-06-15 04:57:00,2025-06-15,Sunday,4,6,2,2025
790,2025-06-15 23:58:00,2025-06-15,Sunday,23,6,2,2025
791,2025-06-15 08:56:00,2025-06-15,Sunday,8,6,2,2025
792,2025-06-15 11:31:00,2025-06-15,Sunday,11,6,2,2025
793,2025-06-15 01:11:00,2025-06-15,Sunday,1,6,2,2025
794,2025-06-15 12:09:00,2025-06-15,Sunday,12,6,2,2025
795,2025-06-15 01:37:00,2025-06-15,Sunday,1,6,2,2025
796,2025-06-15 04:31:00,2025-06-15,Sunday,4,6,2,2025
797,2025-06-15 07:45:00,2025-06-15,Sunday,7,6,2,2025
798,2025-06-15 01:06:00,2025-06-15,Sunday,1,6,2,2025
799,2025-06-15 16:56:00,2025-06-15,Sunday,16,6,2,2025
800,2025-06-15 20:44:00,2025-06-15,Sunday,20,6,2,2025
801,2025-06-15 22:06:00,2025-06-15,Sunday,22,6,2,2025
802,2025-06-15 13:06:00,2025-06-15,Sunday,13,6,2,2025
803,2025-06-15 00:11:00,2025-06-15,Sunday,0,6,2,2025
804,2025-06-15 14:13:00,2025-06-15,Sunday,14,6,2,2025
805,2025-06-15 07:43:00,2025-06-15,Sunday,7,6,2,2025
806,2025-06-15 11:08:00,2025-06-15,Sunday,11,6,2,2025
807,2025-06-15 22:31:00,2025-06-15,Sunday,22,6,2,2025
808,2025-06-15 13:52:00,2025-06-15,Sunday,13,6,2,2025
809,2025-06-15 05:56:00,2025-06-15,Sunday,5,6,2,2025
810,2025-06-15 05:46:00,2025-06-15,Sunday,5,6,2,2025
811,2025-06-15 17:11:00,2025-06-15,Sunday,17,6,2,2025
812,2025-06-15 11:26:00,2025-06-15,Sunday,11,6,2,2025
813,2025-06-15 09:46:00,2025-06-15,Sunday,9,6,2,2025
814,2025-06-15 06:55:00,2025-06-15,Sunday,6,6,2,2025
815,2025-06-15 17:16:00,2025-06-15,Sunday,17,6,2,2025
816,2025-06-15 22:02:00,2025-06-15,Sunday,22,6,2,2025
817,2025-06-15 00:13:00,2025-06-15,Sunday,0,6,2,2025
818,2025-06-15 14:40:00,2025-06-15,Sunday,14,6,2,2025
819,2025-06-15 05:19:00,2025-06-15,Sunday,5,6,2,2025
820,2025-06-15 23:25:00,2025-06-15,Sunday,23,6,2,2025
821,2025-06-15 00:52:00,2025-06-15,Sunday,0,6,2,2025
822,2025-06-15 03:55:00,2025-06-15,Sunday,3,6,2,2025
823,2025-06-15 06:00:00,2025-06-15,Sunday,6,6,2,2025
824,2025-06-15 08:58:00,2025-06-15,Sunday,8,6,2,2025
825,2025-06-15 19:06:00,2025-06-15,Sunday,19,6,2,2025
826,2025-06-15 10:15:00,2025-06-15,Sunday,10,6,2,2025
827,2025-06-15 04:04:00,2025-06-15,Sunday,4,6,2,2025
828,2025-06-15 10:21:00,2025-06-15,Sunday,10,6,2,2025
829,2025-06-15 07:17:00,2025-06-15,Sunday,7,6,2,2025
830,2025-06-15 09:47:00,2025-06-15,Sunday,9,6,2,2025
831,2025-06-15 06:33:00,2025-06-15,Sunday,6,6,2,2025
832,2025-06-15 15:56:00,2025-06-15,Sunday,15,6,2,2025
833,2025-06-15 19:47:00,2025-06-15,Sunday,19,6,2,2025
834,2025-06-15 22:55:00,2025-06-15,Sunday,22,6,2,2025
835,2025-06-15 04:30:00,2025-06-15,Sunday,4,6,2,2025
836,2025-06-15 15:18:00,2025-06-15,Sunday,15,6,2,2025
837,2025-06-15 01:19:00,2025-06-15,Sunday,1,6,2,2025
838,2025-06-15 14:45:00,2025-06-15,Sunday,14,6,2,2025
839,2025-06-15 05:13:00,2025-06-15,Sunday,5,6,2,2025
840,2025-06-15 08:13:00,2025-06-15,Sunday,8,6,2,2025
841,2025-06-15 03:24:00,2025-06-15,Sunday,3,6,2,2025
842,2025-06-15 02:18:00,2025-06-15,Sunday,2,6,2,2025
843,2025-06-15 10:45:00,2025-06-15,Sunday,10,6,2,2025
844,2025-06-15 10:23:00,2025-06-15,Sunday,10,6,2,2025
845,2025-06-15 01:30:00,2025-06-15,Sunday,1,6,2,2025
846,2025-06-15 06:11:00,2025-06-15,Sunday,6,6,2,2025
847,2025-06-15 13:55:00,2025-06-15,Sunday,13,6,2,2025
848,2025-06-15 05:09:00,2025-06-15,Sunday,5,6,2,2025
849,2025-06-15 18:09:00,2025-06-15,Sunday,18,6,2,2025
850,2025-06-15 23:12:00,2025-06-15,Sunday,23,6,2,2025
851,2025-06-15 00:25:00,2025-06-15,Sunday,0,6,2,2025
852,2025-06-15 07:32:00,2025-06-15,Sunday,7,6,2,2025
853,2025-06-15 19:52:00,2025-06-15,Sunday,19,6,2,2025
854,2025-06-15 14:10:00,2025-06-15,Sunday,14,6,2,2025
855,2025-06-15 03:41:00,2025-06-15,Sunday,3,6,2,2025
856,2025-06-15 17:47:00,2025-06-15,Sunday,17,6,2,2025
857,2025-06-15 13:07:00,2025-06-15,Sunday,13,6,2,2025
858,2025-06-15 22:25:00,2025-06-15,Sunday,22,6,2,2025
859,2025-06-15 19:14:00,2025-06-15,Sunday,19,6,2,2025
860,2025-06-15 18:15:00,2025-06-15,Sunday,18,6,2,2025
861,2025-06-15 02:06:00,2025-06-15,Sunday,2,6,2,2025
862,2025-06-15 20:07:00,2025-06-15,Sunday,20,6,2,2025
863,2025-06-15 07:00:00,2025-06-15,Sunday,7,6,2,2025
864,2025-06-15 02:55:00,2025-06-15,Sunday,2,6,2,2025
865,2025-06-15 18:29:00,2025-06-15,Sunday,18,6,2,2025
866,2025-06-15 18:14:00,2025-06-15,Sunday,18,6,2,2025
867,2025-06-15 02:44:00,2025-06-15,Sunday,2,6,2,2025
868,2025-06-15 09:22:00,2025-06-15,Sunday,9,6,2,2025
869,2025-06-15 21:37:00,2025-06-15,Sunday,21,6,2,2025
870,2025-06-15 15:35:00,2025-06-15,Sunday,15,6,2,2025
871,2025-06-15 17:58:00,2025-06-15,Sunday,17,6,2,2025
872,2025-06-15 05:40:00,2025-06-15,Sunday,5,6,2,2025
873,2025-06-15 02:40:00,2025-06-15,Sunday,2,6,2,2025
874,2025-06-15 13:15:00,2025-06-15,Sunday,13,6,2,2025
875,2025-06-15 20:48:00,2025-06-15,Sunday,20,6,2,2025
876,2025-06-15 09:03:00,2025-06-15,Sunday,9,6,2,2025
877,2025-06-15 14:15:00,2025-06-15,Sunday,14,6,2,2025
878,2025-06-15 04:56:00,2025-06-15,Sunday,4,6,2,2025
879,2025-06-15 07:36:00,2025-06-15,Sunday,7,6,2,2025
880,2025-06-15 22:26:00,2025-06-15,Sunday,22,6,2,2025
881,2025-06-15 19:54:00,2025-06-15,Sunday,19,6,2,2025
882,2025-06-15 14:16:00,2025-06-15,Sunday,14,6,2,2025
883,2025-06-15 05:03:00,2025-06-15,Sunday,5,6,2,2025
884,2025-06-15 09:50:00,2025-06-15,Sunday,9,6,2,2025
885,2025-06-15 21:24:00,2025-06-15,Sunday,21,6,2,2025
886,2025-06-15 04:53:00,2025-06-15,Sunday,4,6,2,2025
887,2025-06-15 13:40:00,2025-06-15,Sunday,13,6,2,2025
888,2025-06-15 07:02:00,2025-06-15,Sunday,7,6,2,2025
889,2025-06-15 15:05:00,2025-06-15,Sunday,15,6,2,2025
890,2025-06-15 23:02:00,2025-06-15,Sunday,23,6,2,2025
891,2025-06-15 15:30:00,2025-06-15,Sunday,15,6,2,2025
892,2025-06-15 08:29:00,2025-06-15,Sunday,8,6,2,2025
893,2025-06-15 11:57:00,2025-06-15,Sunday,11,6,2,2025
894,2025-06-15 19:11:00,2025-06-15,Sunday,19,6,2,2025
895,2025-06-15 02:29:00,2025-06-15,Sunday,2,6,2,2025
896,2025-06-15 21:20:00,2025-06-15,Sunday,21,6,2,2025
897,2025-06-15 20:27:00,2025-06-15,Sunday,20,6,2,2025
898,2025-06-15 04:44:00,2025-06-15,Sunday,4,6,2,2025
899,2025-06-15 10:17:00,2025-06-15,Sunday,10,6,2,2025
900,2025-06-15 21:30:00,2025-06-15,Sunday,21,6,2,2025
901,2025-06-15 07:20:00,2025-06-15,Sunday,7,6,2,2025
902,2025-06-15 07:01:00,2025-06-15,Sunday,7,6,2,2025
903,2025-06-15 05:35:00,2025-06-15,Sunday,5,6,2,2025
904,2025-06-15 23:36:00,2025-06-15,Sunday,23,6,2,2025
905,2025-06-15 01:16:00,2025-06-15,Sunday,1,6,2,2025
906,2025-06-15 19:30:00,2025-06-15,Sunday,19,6,2,2025
907,2025-06-15 09:10:00,2025-06-15,Sunday,9,6,2,2025
908,2025-06-15 14:14:00,2025-06-15,Sunday,14,6,2,2025
909,2025-06-15 08:10:00,2025-06-15,Sunday,8,6,2,2025
910,2025-06-15 12:48:00,2025-06-15,Sunday,12,6,2,2025
911,2025-06-15 22:40:00,2025-06-15,Sunday,22,6,2,2025
912,2025-06-15 09:26:00,2025-06-15,Sunday,9,6,2,2025
913,2025-06-15 12:02:00,2025-06-15,Sunday,12,6,2,2025
914,2025-06-15 08:12:00,2025-06-15,Sunday,8,6,2,2025
915,2025-06-15 20:45:00,2025-06-15,Sunday,20,6,2,2025
916,2025-06-15 00:06:00,2025-06-15,Sunday,0,6,2,2025
917,2025-06-15 19:21:00,2025-06-15,Sunday,19,6,2,2025
918,2025-06-15 23:52:00,2025-06-15,Sunday,23,6,2,2025
919,2025-06-15 06:53:00,2025-06-15,Sunday,6,6,2,2025
920,2025-06-15 12:06:00,2025-06-15,Sunday,12,6,2,2025
921,2025-06-15 20:00:00,2025-06-15,Sunday,20,6,2,2025
922,2025-06-15 02:16:00,2025-06-15,Sunday,2,6,2,2025
923,2025-06-15 23:56:00,2025-06-15,Sunday,23,6,2,2025
924,2025-06-15 11:15:00,2025-06-15,Sunday,11,6,2,2025
925,2025-06-15 10:34:00,2025-06-15,Sunday,10,6,2,2025
926,2025-06-15 22:10:00,2025-06-15,Sunday,22,6,2,2025
927,2025-06-15 11:30:00,2025-06-15,Sunday,11,6,2,2025
928,2025-06-15 07:40:00,2025-06-15,Sunday,7,6,2,2025
929,2025-06-15 21:31:00,2025-06-15,Sunday,21,6,2,2025
930,2025-06-15 11:43:00,2025-06-15,Sunday,11,6,2,2025
931,2025-06-15 12:34:00,2025-06-15,Sunday,12,6,2,2025
932,2025-06-15 12:38:00,2025-06-15,Sunday,12,6,2,2025
933,2025-06-15 04:23:00,2025-06-15,Sunday,4,6,2,2025
934,2025-06-15 01:39:00,2025-06-15,Sunday,1,6,2,2025
935,2025-06-15 00:08:00,2025-06-15,Sunday,0,6,2,2025
936,2025-06-15 02:08:00,2025-06-15,Sunday,2,6,2,2025
937,2025-06-15 01:25:00,2025-06-15,Sunday,1,6,2,2025
938,2025-06-15 23:46:00,2025-06-15,Sunday,23,6,2,2025
939,2025-06-15 20:02:00,2025-06-15,Sunday,20,6,2,2025
940,2025-06-15 23:06:00,2025-06-15,Sunday,23,6,2,2025
941,2025-06-15 17:19:00,2025-06-15,Sunday,17,6,2,2025
942,2025-06-15 07:31:00,2025-06-15,Sunday,7,6,2,2025
943,2025-06-15 00:37:00,2025-06-15,Sunday,0,6,2,2025
944,2025-06-15 01:48:00,2025-06-15,Sunday,1,6,2,2025
945,2025-06-15 22:57:00,2025-06-15,Sunday,22,6,2,2025
946,2025-06-15 19:38:00,2025-06-15,Sunday,19,6,2,2025
947,2025-06-15 08:27:00,2025-06-15,Sunday,8,6,2,2025
948,2025-06-15 21:41:00,2025-06-15,Sunday,21,6,2,2025
949,2025-06-15 10:31:00,2025-06-15,Sunday,10,6,2,2025
950,2025-06-15 11:13:00,2025-06-15,Sunday,11,6,2,2025
951,2025-06-15 08:45:00,2025-06-15,Sunday,8,6,2,2025
952,2025-06-15 14:00:00,2025-06-15,Sunday,14,6,2,2025
953,2025-06-15 14:08:00,2025-06-15,Sunday,14,6,2,2025
954,2025-06-15 20:36:00,2025-06-15,Sunday,20,6,2,2025
955,2025-06-15 22:46:00,2025-06-15,Sunday,22,6,2,2025
956,2025-06-15 09:27:00,2025-06-15,Sunday,9,6,2,2025
957,2025-06-15 15:54:00,2025-06-15,Sunday,15,6,2,2025
958,2025-06-15 23:07:00,2025-06-15,Sunday,23,6,2,2025
959,2025-06-15 06:26:00,2025-06-15,Sunday,6,6,2,2025
960,2025-06-15 15:37:00,2025-06-15,Sunday,15,6,2,2025
961,2025-06-15 05:49:00,2025-06-15,Sunday,5,6,2,2025
962,2025-06-15 02:57:00,2025-06-15,Sunday,2,6,2,2025
963,2025-06-15 18:47:00,2025-06-15,Sunday,18,6,2,2025
964,2025-06-15 17:50:00,2025-06-15,Sunday,17,6,2,2025
965,2025-06-15 15:04:00,2025-06-15,Sunday,15,6,2,2025
966,2025-06-15 11:37:00,2025-06-15,Sunday,11,6,2,2025
967,2025-06-15 06:51:00,2025-06-15,Sunday,6,6,2,2025
968,2025-06-15 13:45:00,2025-06-15,Sunday,13,6,2,2025
969,2025-06-15 01:24:00,2025-06-15,Sunday,1,6,2,2025
970,2025-06-15 02:49:00,2025-06-15,Sunday,2,6,2,2025
971,2025-06-15 14:02:00,2025-06-15,Sunday,14,6,2,2025
972,2025-06-15 18:44:00,2025-06-15,Sunday,18,6,2,2025
973,2025-06-15 18:17:00,2025-06-15,Sunday,18,6,2,2025
974,2025-06-15 14:05:00,2025-06-15,Sunday,14,6,2,2025
975,2025-06-15 09:56:00,2025-06-15,Sunday,9,6,2,2025
976,2025-06-15 10:52:00,2025-06-15,Sunday,10,6,2,2025
977,2025-06-15 00:29:00,2025-06-15,Sunday,0,6,2,2025
978,2025-06-15 09:54:00,2025-06-15,Sunday,9,6,2,2025
979,2025-06-15 11:40:00,2025-06-15,Sunday,11,6,2,2025
980,2025-06-15 17:36:00,2025-06-15,Sunday,17,6,2,2025
981,2025-06-15 14:23:00,2025-06-15,Sunday,14,6,2,2025
982,2025-06-15 22:33:00,2025-06-15,Sunday,22,6,2,2025
983,2025-06-15 21:50:00,2025-06-15,Sunday,21,6,2,2025
984,2025-06-15 04:38:00,2025-06-15,Sunday,4,6,2,2025
985,2025-06-15 11:32:00,2025-06-15,Sunday,11,6,2,2025
986,2025-06-15 19:03:00,2025-06-15,Sunday,19,6,2,2025
987,2025-06-15 02:05:00,2025-06-15,Sunday,2,6,2,2025
988,2025-06-15 16:11:00,2025-06-15,Sunday,16,6,2,2025
989,2025-06-15 05:51:00,2025-06-15,Sunday,5,6,2,2025
990,2025-06-15 06:08:00,2025-06-15,Sunday,6,6,2,2025
991,2025-06-15 21:36:00,2025-06-15,Sunday,21,6,2,2025
992,2025-06-15 14:11:00,2025-06-15,Sunday,14,6,2,2025
993,2025-06-15 01:05:00,2025-06-15,Sunday,1,6,2,2025
994,2025-06-15 19:19:00,2025-06-15,Sunday,19,6,2,2025
995,2025-06-15 23:35:00,2025-06-15,Sunday,23,6,2,2025
996,2025-06-15 18:12:00,2025-06-15,Sunday,18,6,2,2025
997,2025-06-15 04:55:00,2025-06-15,Sunday,4,6,2,2025
998,2025-06-15 16:22:00,2025-06-15,Sunday,16,6,2,2025
999,2025-06-15 14:17:00,2025-06-15,Sunday,14,6,2,2025
1000,2025-06-15 15:59:00,2025-06-15,Sunday,15,6,2,2025
1001,2025-06-15 12:03:00,2025-06-15,Sunday,12,6,2,2025
1002,2025-06-15 17:59:00,2025-06-15,Sunday,17,6,2,2025
1003,2025-06-15 10:55:00,2025-06-15,Sunday,10,6,2,2025
1004,2025-06-15 18:30:00,2025-06-15,Sunday,18,6,2,2025
1005,2025-06-15 19:13:00,2025-06-15,Sunday,19,6,2,2025
1006,2025-06-15 12:26:00,2025-06-15,Sunday,12,6,2,2025
1007,2025-06-15 09:52:00,2025-06-15,Sunday,9,6,2,2025
1008,2025-06-15 01:34:00,2025-06-15,Sunday,1,6,2,2025
1009,2025-06-15 15:36:00,2025-06-15,Sunday,15,6,2,2025
1010,2025-06-15 08:17:00,2025-06-15,Sunday,8,6,2,2025
1011,2025-06-15 05:38:00,2025-06-15,Sunday,5,6,2,2025
1012,2025-06-15 07:05:00,2025-06-15,Sunday,7,6,2,2025
1013,2025-06-15 17:35:00,2025-06-15,Sunday,17,6,2,2025
1014,2025-06-15 17:21:00,2025-06-15,Sunday,17,6,2,2025
1015,2025-06-15 01:31:00,2025-06-15,Sunday,1,6,2,2025
1016,2025-06-15 11:04:00,2025-06-15,Sunday,11,6,2,2025
1017,2025-06-15 17:15:00,2025-06-15,Sunday,17,6,2,2025
1018,2025-06-15 19:20:00,2025-06-15,Sunday,19,6,2,2025
1019,2025-06-15 23:34:00,2025-06-15,Sunday,23,6,2,2025
1020,2025-06-15 20:33:00,2025-06-15,Sunday,20,6,2,2025
1021,2025-06-15 17:49:00,2025-06-15,Sunday,17,6,2,2025
1022,2025-06-15 23:59:00,2025-06-15,Sunday,23,6,2,2025
1023,2025-06-15 03:48:00,2025-06-15,Sunday,3,6,2,2025
1024,2025-06-15 09:28:00,2025-06-15,Sunday,9,6,2,2025
1025,2025-06-15 23:44:00,2025-06-15,Sunday,23,6,2,2025
1026,2025-06-15 09:48:00,2025-06-15,Sunday,9,6,2,2025
1027,2025-06-15 07:25:00,2025-06-15,Sunday,7,6,2,2025
1028,2025-06-15 22:22:00,2025-06-15,Sunday,22,6,2,2025
1029,2025-06-15 05:05:00,2025-06-15,Sunday,5,6,2,2025
1030,2025-06-15 09:12:00,2025-06-15,Sunday,9,6,2,2025
1031,2025-06-15 16:24:00,2025-06-15,Sunday,16,6,2,2025
1032,2025-06-15 01:01:00,2025-06-15,Sunday,1,6,2,2025
1033,2025-06-15 22:50:00,2025-06-15,Sunday,22,6,2,2025
1034,2025-06-15 03:37:00,2025-06-15,Sunday,3,6,2,2025
1035,2025-06-15 16:30:00,2025-06-15,Sunday,16,6,2,2025
1036,2025-06-15 03:25:00,2025-06-15,Sunday,3,6,2,2025
1037,2025-06-15 22:09:00,2025-06-15,Sunday,22,6,2,2025
1038,2025-06-15 23:43:00,2025-06-15,Sunday,23,6,2,2025
1039,2025-06-15 04:32:00,2025-06-15,Sunday,4,6,2,2025
1040,2025-06-15 22:19:00,2025-06-15,Sunday,22,6,2,2025
1041,2025-06-15 07:19:00,2025-06-15,Sunday,7,6,2,2025
1042,2025-06-15 00:34:00,2025-06-15,Sunday,0,6,2,2025
1043,2025-06-15 14:41:00,2025-06-15,Sunday,14,6,2,2025
1044,2025-06-15 18:11:00,2025-06-15,Sunday,18,6,2,2025
1045,2025-06-15 13:00:00,2025-06-15,Sunday,13,6,2,2025
1046,2025-06-15 20:09:00,2025-06-15,Sunday,20,6,2,2025
1047,2025-06-15 02:45:00,2025-06-15,Sunday,2,6,2,2025
1048,2025-06-15 03:31:00,2025-06-15,Sunday,3,6,2,2025
1049,2025-06-15 10:26:00,2025-06-15,Sunday,10,6,2,2025
1050,2025-06-15 00:30:00,2025-06-15,Sunday,0,6,2,2025
1051,2025-06-15 17:55:00,2025-06-15,Sunday,17,6,2,2025
1052,2025-06-15 17:20:00,2025-06-15,Sunday,17,6,2,2025
1053,2025-06-15 00:56:00,2025-06-15,Sunday,0,6,2,2025
1054,2025-06-15 19:33:00,2025-06-15,Sunday,19,6,2,2025
1055,2025-06-15 20:38:00,2025-06-15,Sunday,20,6,2,2025
1056,2025-06-15 08:14:00,2025-06-15,Sunday,8,6,2,2025
1057,2025-06-15 18:06:00,2025-06-15,Sunday,18,6,2,2025
1058,2025-06-15 16:47:00,2025-06-15,Sunday,16,6,2,2025
1059,2025-06-15 01:52:00,2025-06-15,Sunday,1,6,2,2025
1060,2025-06-15 06:35:00,2025-06-15,Sunday,6,6,2,2025
1061,2025-06-15 01:50:00,2025-06-15,Sunday,1,6,2,2025
1062,2025-06-15 07:10:00,2025-06-15,Sunday,7,6,2,2025
1063,2025-06-15 09:00:00,2025-06-15,Sunday,9,6,2,2025
1064,2025-06-15 16:55:00,2025-06-15,Sunday,16,6,2,2025
1065,2025-06-15 04:13:00,2025-06-15,Sunday,4,6,2,2025
1066,2025-06-15 07:09:00,2025-06-15,Sunday,7,6,2,2025
1067,2025-06-15 13:48:00,2025-06-15,Sunday,13,6,2,2025
1068,2025-06-15 12:45:00,2025-06-15,Sunday,12,6,2,2025
1069,2025-06-15 15:34:00,2025-06-15,Sunday,15,6,2,2025
1070,2025-06-15 01:14:00,2025-06-15,Sunday,1,6,2,2025
1071,2025-06-15 14:28:00,2025-06-15,Sunday,14,6,2,2025
1072,2025-06-15 05:34:00,2025-06-15,Sunday,5,6,2,2025
1073,2025-06-15 18:25:00,2025-06-15,Sunday,18,6,2,2025
1074,2025-06-15 04:27:00,2025-06-15,Sunday,4,6,2,2025
1075,2025-06-15 08:03:00,2025-06-15,Sunday,8,6,2,2025
1076,2025-06-15 07:49:00,2025-06-15,Sunday,7,6,2,2025
1077,2025-06-15 11:41:00,2025-06-15,Sunday,11,6,2,2025
1078,2025-06-15 23:18:00,2025-06-15,Sunday,23,6,2,2025
1079,2025-06-15 20:12:00,2025-06-15,Sunday,20,6,2,2025
1080,2025-06-15 22:16:00,2025-06-15,Sunday,22,6,2,2025
1081,2025-06-15 12:05:00,2025-06-15,Sunday,12,6,2,2025
1082,2025-06-15 06:05:00,2025-06-15,Sunday,6,6,2,2025
1083,2025-06-15 02:34:00,2025-06-15,Sunday,2,6,2,2025
1084,2025-06-15 13:01:00,2025-06-15,Sunday,13,6,2,2025
1085,2025-06-15 15:31:00,2025-06-15,Sunday,15,6,2,2025
1086,2025-06-15 00:19:00,2025-06-15,Sunday,0,6,2,2025
1087,2025-06-15 11:46:00,2025-06-15,Sunday,11,6,2,2025
1088,2025-06-15 05:27:00,2025-06-15,Sunday,5,6,2,2025
1089,2025-06-15 07:52:00,2025-06-15,Sunday,7,6,2,2025
1090,2025-06-15 18:21:00,2025-06-15,Sunday,18,6,2,2025
1091,2025-06-15 17:00:00,2025-06-15,Sunday,17,6,2,2025
1092,2025-06-15 13:18:00,2025-06-15,Sunday,13,6,2,2025
1093,2025-06-15 21:14:00,2025-06-15,Sunday,21,6,2,2025
1094,2025-06-15 14:44:00,2025-06-15,Sunday,14,6,2,2025
1095,2025-06-15 04:21:00,2025-06-15,Sunday,4,6,2,2025
1096,2025-06-15 13:53:00,2025-06-15,Sunday,13,6,2,2025
1097,2025-06-15 20:04:00,2025-06-15,Sunday,20,6,2,2025
1098,2025-06-15 12:27:00,2025-06-15,Sunday,12,6,2,2025
1099,2025-06-15 12:59:00,2025-06-15,Sunday,12,6,2,2025
1100,2025-06-15 15:27:00,2025-06-15,Sunday,15,6,2,2025
1101,2025-06-15 10:12:00,2025-06-15,Sunday,10,6,2,2025
1102,2025-06-15 13:57:00,2025-06-15,Sunday,13,6,2,2025
1103,2025-06-15 12:14:00,2025-06-15,Sunday,12,6,2,2025
1104,2025-06-15 04:09:00,2025-06-15,Sunday,4,6,2,2025
1105,2025-06-15 12:15:00,2025-06-15,Sunday,12,6,2,2025
1106,2025-06-15 01:56:00,2025-06-15,Sunday,1,6,2,2025
1107,2025-06-15 00:09:00,2025-06-15,Sunday,0,6,2,2025
1108,2025-06-15 02:27:00,2025-06-15,Sunday,2,6,2,2025
1109,2025-06-15 01:13:00,2025-06-15,Sunday,1,6,2,2025
1110,2025-06-15 21:01:00,2025-06-15,Sunday,21,6,2,2025
1111,2025-06-15 13:03:00,2025-06-15,Sunday,13,6,2,2025
1112,2025-06-15 06:23:00,2025-06-15,Sunday,6,6,2,2025
1113,2025-06-15 23:42:00,2025-06-15,Sunday,23,6,2,2025
1114,2025-06-15 15:20:00,2025-06-15,Sunday,15,6,2,2025
1115,2025-06-15 17:01:00,2025-06-15,Sunday,17,6,2,2025
1116,2025-06-15 18:45:00,2025-06-15,Sunday,18,6,2,2025
1117,2025-06-15 15:02:00,2025-06-15,Sunday,15,6,2,2025
1118,2025-06-15 16:48:00,2025-06-15,Sunday,16,6,2,2025
1119,2025-06-15 00:14:00,2025-06-15,Sunday,0,6,2,2025
1120,2025-06-15 18:07:00,2025-06-15,Sunday,18,6,2,2025
1121,2025-06-15 10:49:00,2025-06-15,Sunday,10,6,2,2025
1122,2025-06-15 05:12:00,2025-06-15,Sunday,5,6,2,2025
1123,2025-06-15 19:26:00,2025-06-15,Sunday,19,6,2,2025
1124,2025-06-15 09:58:00,2025-06-15,Sunday,9,6,2,2025
1125,2025-06-15 06:12:00,2025-06-15,Sunday,6,6,2,2025
1126,2025-06-15 00:16:00,2025-06-15,Sunday,0,6,2,2025
1127,2025-06-15 04:00:00,2025-06-15,Sunday,4,6,2,2025
1128,2025-06-15 23:00:00,2025-06-15,Sunday,23,6,2,2025
1129,2025-06-15 20:21:00,2025-06-15,Sunday,20,6,2,2025
1130,2025-06-15 03:21:00,2025-06-15,Sunday,3,6,2,2025
1131,2025-06-15 01:53:00,2025-06-15,Sunday,1,6,2,2025
1132,2025-06-15 15:09:00,2025-06-15,Sunday,15,6,2,2025
1133,2025-06-15 12:23:00,2025-06-15,Sunday,12,6,2,2025
1134,2025-06-15 11:35:00,2025-06-15,Sunday,11,6,2,2025
1135,2025-06-15 16:31:00,2025-06-15,Sunday,16,6,2,2025
1136,2025-06-15 14:53:00,2025-06-15,Sunday,14,6,2,2025
1137,2025-06-15 05:47:00,2025-06-15,Sunday,5,6,2,2025
1138,2025-06-15 02:15:00,2025-06-15,Sunday,2,6,2,2025
1139,2025-06-15 02:04:00,2025-06-15,Sunday,2,6,2,2025
1140,2025-06-15 22:47:00,2025-06-15,Sunday,22,6,2,2025
1141,2025-06-15 06:29:00,2025-06-15,Sunday,6,6,2,2025
1142,2025-06-15 05:22:00,2025-06-15,Sunday,5,6,2,2025
1143,2025-06-15 23:55:00,2025-06-15,Sunday,23,6,2,2025
1144,2025-06-15 05:18:00,2025-06-15,Sunday,5,6,2,2025
1145,2025-06-15 08:57:00,2025-06-15,Sunday,8,6,2,2025
1146,2025-06-15 03:11:00,2025-06-15,Sunday,3,6,2,2025
1147,2025-06-15 13:27:00,2025-06-15,Sunday,13,6,2,2025
1148,2025-06-15 03:13:00,2025-06-15,Sunday,3,6,2,2025
1149,2025-06-15 04:35:00,2025-06-15,Sunday,4,6,2,2025
1150,2025-06-15 11:51:00,2025-06-15,Sunday,11,6,2,2025
1151,2025-06-15 23:16:00,2025-06-15,Sunday,23,6,2,2025
1152,2025-06-15 02:36:00,2025-06-15,Sunday,2,6,2,2025
1153,2025-06-15 21:07:00,2025-06-15,Sunday,21,6,2,2025
1154,2025-06-15 06:30:00,2025-06-15,Sunday,6,6,2,2025
1155,2025-06-15 16:59:00,2025-06-15,Sunday,16,6,2,2025
1156,2025-06-15 08:39:00,2025-06-15,Sunday,8,6,2,2025
1157,2025-06-15 20:25:00,2025-06-15,Sunday,20,6,2,2025
1158,2025-06-15 12:21:00,2025-06-15,Sunday,12,6,2,2025
1159,2025-06-15 12:18:00,2025-06-15,Sunday,12,6,2,2025
1160,2025-06-15 17:51:00,2025-06-15,Sunday,17,6,2,2025
1161,2025-06-15 04:40:00,2025-06-15,Sunday,4,6,2,2025
1162,2025-06-15 12:43:00,2025-06-15,Sunday,12,6,2,2025
1163,2025-06-15 09:32:00,2025-06-15,Sunday,9,6,2,2025
1164,2025-06-15 20:24:00,2025-06-15,Sunday,20,6,2,2025
1165,2025-06-15 05:59:00,2025-06-15,Sunday,5,6,2,2025
1166,2025-06-15 06:48:00,2025-06-15,Sunday,6,6,2,2025
1167,2025-06-15 03:28:00,2025-06-15,Sunday,3,6,2,2025
1168,2025-06-15 13:13:00,2025-06-15,Sunday,13,6,2,2025
1169,2025-06-15 22:08:00,2025-06-15,Sunday,22,6,2,2025
1170,2025-06-15 12:24:00,2025-06-15,Sunday,12,6,2,2025
1171,2025-06-15 07:51:00,2025-06-15,Sunday,7,6,2,2025
1172,2025-06-15 09:16:00,2025-06-15,Sunday,9,6,2,2025
1173,2025-06-15 06:02:00,2025-06-15,Sunday,6,6,2,2025
1174,2025-06-15 11:05:00,2025-06-15,Sunday,11,6,2,2025
1175,2025-06-15 00:46:00,2025-06-15,Sunday,0,6,2,2025
1176,2025-06-15 10:05:00,2025-06-15,Sunday,10,6,2,2025
1177,2025-06-15 16:50:00,2025-06-15,Sunday,16,6,2,2025
1178,2025-06-15 13:31:00,2025-06-15,Sunday,13,6,2,2025
1179,2025-06-15 22:29:00,2025-06-15,Sunday,22,6,2,2025
1180,2025-06-15 03:52:00,2025-06-15,Sunday,3,6,2,2025
1181,2025-06-15 09:17:00,2025-06-15,Sunday,9,6,2,2025
1182,2025-06-15 11:23:00,2025-06-15,Sunday,11,6,2,2025
1183,2025-06-15 02:22:00,2025-06-15,Sunday,2,6,2,2025
1184,2025-06-15 16:57:00,2025-06-15,Sunday,16,6,2,2025
1185,2025-06-15 08:38:00,2025-06-15,Sunday,8,6,2,2025
1186,2025-06-15 03:49:00,2025-06-15,Sunday,3,6,2,2025
1187,2025-06-15 02:35:00,2025-06-15,Sunday,2,6,2,2025
1188,2025-06-15 02:26:00,2025-06-15,Sunday,2,6,2,2025
1189,2025-06-15 03:10:00,2025-06-15,Sunday,3,6,2,2025
1190,2025-06-15 14:26:00,2025-06-15,Sunday,14,6,2,2025
1191,2025-06-15 08:32:00,2025-06-15,Sunday,8,6,2,2025
1192,2025-06-15 12:31:00,2025-06-15,Sunday,12,6,2,2025
1193,2025-06-15 05:29:00,2025-06-15,Sunday,5,6,2,2025
1194,2025-06-15 03:57:00,2025-06-15,Sunday,3,6,2,2025
1195,2025-06-15 06:40:00,2025-06-15,Sunday,6,6,2,2025
1196,2025-06-15 22:53:00,2025-06-15,Sunday,22,6,2,2025
1197,2025-06-15 07:54:00,2025-06-15,Sunday,7,6,2,2025
1198,2025-06-15 18:38:00,2025-06-15,Sunday,18,6,2,2025
1199,2025-06-15 21:04:00,2025-06-15,Sunday,21,6,2,2025
1200,2025-06-15 15:21:00,2025-06-15,Sunday,15,6,2,2025
1201,2025-06-15 11:21:00,2025-06-15,Sunday,11,6,2,2025
1202,2025-06-15 10:32:00,2025-06-15,Sunday,10,6,2,2025
1203,2025-06-15 11:06:00,2025-06-15,Sunday,11,6,2,2025
1204,2025-06-15 19:23:00,2025-06-15,Sunday,19,6,2,2025
1205,2025-06-15 04:33:00,2025-06-15,Sunday,4,6,2,2025
1206,2025-06-15 14:54:00,2025-06-15,Sunday,14,6,2,2025
1207,2025-06-15 12:57:00,2025-06-15,Sunday,12,6,2,2025
1208,2025-06-15 06:22:00,2025-06-15,Sunday,6,6,2,2025
1209,2025-06-15 23:33:00,2025-06-15,Sunday,23,6,2,2025
1210,2025-06-15 03:03:00,2025-06-15,Sunday,3,6,2,2025
1211,2025-06-15 23:21:00,2025-06-15,Sunday,23,6,2,2025
1212,2025-06-15 18:16:00,2025-06-15,Sunday,18,6,2,2025
1213,2025-06-15 06:13:00,2025-06-15,Sunday,6,6,2,2025
1214,2025-06-15 22:48:00,2025-06-15,Sunday,22,6,2,2025
1215,2025-06-15 14:29:00,2025-06-15,Sunday,14,6,2,2025
1216,2025-06-15 10:57:00,2025-06-15,Sunday,10,6,2,2025
1217,2025-06-15 15:38:00,2025-06-15,Sunday,15,6,2,2025
1218,2025-06-15 04:49:00,2025-06-15,Sunday,4,6,2,2025
1219,2025-06-15 02:12:00,2025-06-15,Sunday,2,6,2,2025
1220,2025-06-15 00:50:00,2025-06-15,Sunday,0,6,2,2025
1221,2025-06-15 17:29:00,2025-06-15,Sunday,17,6,2,2025
1222,2025-06-15 00:28:00,2025-06-15,Sunday,0,6,2,2025
1223,2025-06-15 14:12:00,2025-06-15,Sunday,14,6,2,2025
1224,2025-06-15 21:45:00,2025-06-15,Sunday,21,6,2,2025
1225,2025-06-15 02:54:00,2025-06-15,Sunday,2,6,2,2025
1226,2025-06-15 02:10:00,2025-06-15,Sunday,2,6,2,2025
1227,2025-06-15 16:45:00,2025-06-15,Sunday,16,6,2,2025
1228,2025-06-15 21:43:00,2025-06-15,Sunday,21,6,2,2025
1229,2025-06-15 09:44:00,2025-06-15,Sunday,9,6,2,2025
1230,2025-06-15 16:44:00,2025-06-15,Sunday,16,6,2,2025
1231,2025-06-15 20:26:00,2025-06-15,Sunday,20,6,2,2025
1232,2025-06-15 04:45:00,2025-06-15,Sunday,4,6,2,2025
1233,2025-06-15 21:34:00,2025-06-15,Sunday,21,6,2,2025
1234,2025-06-15 01:58:00,2025-06-15,Sunday,1,6,2,2025
1235,2025-06-15 23:40:00,2025-06-15,Sunday,23,6,2,2025
1236,2025-06-15 19:09:00,2025-06-15,Sunday,19,6,2,2025
1237,2025-06-15 08:55:00,2025-06-15,Sunday,8,6,2,2025
1238,2025-06-15 10:36:00,2025-06-15,Sunday,10,6,2,2025
1239,2025-06-15 04:18:00,2025-06-15,Sunday,4,6,2,2025
1240,2025-06-15 18:56:00,2025-06-15,Sunday,18,6,2,2025
1241,2025-06-15 17:30:00,2025-06-15,Sunday,17,6,2,2025
1242,2025-06-15 09:05:00,2025-06-15,Sunday,9,6,2,2025
1243,2025-06-15 14:32:00,2025-06-15,Sunday,14,6,2,2025
1244,2025-06-15 19:37:00,2025-06-15,Sunday,19,6,2,2025
1245,2025-06-15 11:02:00,2025-06-15,Sunday,11,6,2,2025
1246,2025-06-15 00:21:00,2025-06-15,Sunday,0,6,2,2025
1247,2025-06-15 05:04:00,2025-06-15,Sunday,5,6,2,2025
1248,2025-06-15 11:36:00,2025-06-15,Sunday,11,6,2,2025
1249,2025-06-15 20:22:00,2025-06-15,Sunday,20,6,2,2025
1250,2025-06-15 02:23:00,2025-06-15,Sunday,2,6,2,2025
1251,2025-06-15 04:15:00,2025-06-15,Sunday,4,6,2,2025
1252,2025-06-15 03:29:00,2025-06-15,Sunday,3,6,2,2025
1253,2025-06-15 07:56:00,2025-06-15,Sunday,7,6,2,2025
1254,2025-06-15 09:34:00,2025-06-15,Sunday,9,6,2,2025
1255,2025-06-15 03:14:00,2025-06-15,Sunday,3,6,2,2025
1256,2025-06-15 00:57:00,2025-06-15,Sunday,0,6,2,2025
1257,2025-06-15 23:24:00,2025-06-15,Sunday,23,6,2,2025
1258,2025-06-15 08:30:00,2025-06-15,Sunday,8,6,2,2025
1259,2025-06-15 17:27:00,2025-06-15,Sunday,17,6,2,2025
1260,2025-06-15 06:44:00,2025-06-15,Sunday,6,6,2,2025
1261,2025-06-15 10:39:00,2025-06-15,Sunday,10,6,2,2025
1262,2025-06-15 05:26:00,2025-06-15,Sunday,5,6,2,2025
1263,2025-06-15 01:29:00,2025-06-15,Sunday,1,6,2,2025
1264,2025-06-15 20:37:00,2025-06-15,Sunday,20,6,2,2025
1265,2025-06-15 21:26:00,2025-06-15,Sunday,21,6,2,2025
1266,2025-06-15 05:37:00,2025-06-15,Sunday,5,6,2,2025
1267,2025-06-15 23:45:00,2025-06-15,Sunday,23,6,2,2025
1268,2025-06-15 08:41:00,2025-06-15,Sunday,8,6,2,2025
1269,2025-06-15 13:26:00,2025-06-15,Sunday,13,6,2,2025
1270,2025-06-15 06:41:00,2025-06-15,Sunday,6,6,2,2025
1271,2025-06-15 03:35:00,2025-06-15,Sunday,3,6,2,2025
1272,2025-06-15 15:55:00,2025-06-15,Sunday,15,6,2,2025
1273,2025-06-15 17:14:00,2025-06-15,Sunday,17,6,2,2025
1274,2025-06-15 03:53:00,2025-06-15,Sunday,3,6,2,2025
1275,2025-06-15 04:43:00,2025-06-15,Sunday,4,6,2,2025
1276,2025-06-15 07:04:00,2025-06-15,Sunday,7,6,2,2025
1277,2025-06-15 06:06:00,2025-06-15,Sunday,6,6,2,2025
1278,2025-06-15 07:03:00,2025-06-15,Sunday,7,6,2,2025
1279,2025-06-15 11:19:00,2025-06-15,Sunday,11,6,2,2025
1280,2025-06-15 14:01:00,2025-06-15,Sunday,14,6,2,2025
1281,2025-06-15 08:22:00,2025-06-15,Sunday,8,6,2,2025
1282,2025-06-15 16:13:00,2025-06-15,Sunday,16,6,2,2025
1283,2025-06-15 16:42:00,2025-06-15,Sunday,16,6,2,2025
1284,2025-06-15 22:38:00,2025-06-15,Sunday,22,6,2,2025
1285,2025-06-15 00:27:00,2025-06-15,Sunday,0,6,2,2025
1286,2025-06-15 20:20:00,2025-06-15,Sunday,20,6,2,2025
1287,2025-06-15 11:09:00,2025-06-15,Sunday,11,6,2,2025
1288,2025-06-15 01:18:00,2025-06-15,Sunday,1,6,2,2025
1289,2025-06-15 13:25:00,2025-06-15,Sunday,13,6,2,2025
1290,2025-06-15 14:43:00,2025-06-15,Sunday,14,6,2,2025
1291,2025-06-15 10:25:00,2025-06-15,Sunday,10,6,2,2025
1292,2025-06-15 12:37:00,2025-06-15,Sunday,12,6,2,2025
1293,2025-06-15 18:27:00,2025-06-15,Sunday,18,6,2,2025
1294,2025-06-15 18:42:00,2025-06-15,Sunday,18,6,2,2025
1295,2025-06-15 08:21:00,2025-06-15,Sunday,8,6,2,2025
1296,2025-06-15 06:52:00,2025-06-15,Sunday,6,6,2,2025
1297,2025-06-15 17:10:00,2025-06-15,Sunday,17,6,2,2025
1298,2025-06-15 18:13:00,2025-06-15,Sunday,18,6,2,2025
1299,2025-06-15 04:34:00,2025-06-15,Sunday,4,6,2,2025
1300,2025-06-15 13:54:00,2025-06-15,Sunday,13,6,2,2025
1301,2025-06-15 17:52:00,2025-06-15,Sunday,17,6,2,2025
1302,2025-06-15 13:34:00,2025-06-15,Sunday,13,6,2,2025
1303,2025-06-15 03:18:00,2025-06-15,Sunday,3,6,2,2025
1304,2025-06-15 14:37:00,2025-06-15,Sunday,14,6,2,2025
1305,2025-06-15 09:57:00,2025-06-15,Sunday,9,6,2,2025
1306,2025-06-15 15:42:00,2025-06-15,Sunday,15,6,2,2025
1307,2025-06-15 23:39:00,2025-06-15,Sunday,23,6,2,2025
1308,2025-06-15 22:17:00,2025-06-15,Sunday,22,6,2,2025
1309,2025-06-15 04:07:00,2025-06-15,Sunday,4,6,2,2025
1310,2025-06-15 04:36:00,2025-06-15,Sunday,4,6,2,2025
1311,2025-06-15 07:46:00,2025-06-15,Sunday,7,6,2,2025
1312,2025-06-15 22:28:00,2025-06-15,Sunday,22,6,2,2025
1313,2025-06-15 02:31:00,2025-06-15,Sunday,2,6,2,2025
1314,2025-06-15 06:15:00,2025-06-15,Sunday,6,6,2,2025
1315,2025-06-15 19:34:00,2025-06-15,Sunday,19,6,2,2025
1316,2025-06-15 12:12:00,2025-06-15,Sunday,12,6,2,2025
1317,2025-06-15 00:01:00,2025-06-15,Sunday,0,6,2,2025
1318,2025-06-15 04:54:00,2025-06-15,Sunday,4,6,2,2025
1319,2025-06-15 10:50:00,2025-06-15,Sunday,10,6,2,2025
1320,2025-06-15 16:09:00,2025-06-15,Sunday,16,6,2,2025
1321,2025-06-15 19:49:00,2025-06-15,Sunday,19,6,2,2025
1322,2025-06-15 04:25:00,2025-06-15,Sunday,4,6,2,2025
1323,2025-06-15 00:54:00,2025-06-15,Sunday,0,6,2,2025
1324,2025-06-15 22:39:00,2025-06-15,Sunday,22,6,2,2025
1325,2025-06-15 00:59:00,2025-06-15,Sunday,0,6,2,2025
1326,2025-06-15 05:30:00,2025-06-15,Sunday,5,6,2,2025
1327,2025-06-15 19:18:00,2025-06-15,Sunday,19,6,2,2025
1328,2025-06-15 12:00:00,2025-06-15,Sunday,12,6,2,2025
1329,2025-06-15 06:36:00,2025-06-15,Sunday,6,6,2,2025
1330,2025-06-15 19:36:00,2025-06-15,Sunday,19,6,2,2025
1331,2025-06-15 05:00:00,2025-06-15,Sunday,5,6,2,2025
1332,2025-06-15 17:04:00,2025-06-15,Sunday,17,6,2,2025
1333,2025-06-15 22:11:00,2025-06-15,Sunday,22,6,2,2025
1334,2025-06-15 02:11:00,2025-06-15,Sunday,2,6,2,2025
1335,2025-06-15 09:24:00,2025-06-15,Sunday,9,6,2,2025
1336,2025-06-15 05:21:00,2025-06-15,Sunday,5,6,2,2025
1337,2025-06-15 02:00:00,2025-06-15,Sunday,2,6,2,2025
1338,2025-06-15 10:54:00,2025-06-15,Sunday,10,6,2,2025
1339,2025-06-15 09:59:00,2025-06-15,Sunday,9,6,2,2025
1340,2025-06-15 22:41:00,2025-06-15,Sunday,22,6,2,2025
1341,2025-06-15 05:57:00,2025-06-15,Sunday,5,6,2,2025
1342,2025-06-15 16:49:00,2025-06-15,Sunday,16,6,2,2025
1343,2025-06-15 20:15:00,2025-06-15,Sunday,20,6,2,2025
1344,2025-06-15 03:27:00,2025-06-15,Sunday,3,6,2,2025
1345,2025-06-15 11:28:00,2025-06-15,Sunday,11,6,2,2025
1346,2025-06-15 04:16:00,2025-06-15,Sunday,4,6,2,2025
1347,2025-06-15 13:35:00,2025-06-15,Sunday,13,6,2,2025
1348,2025-06-15 04:24:00,2025-06-15,Sunday,4,6,2,2025
1349,2025-06-15 17:54:00,2025-06-15,Sunday,17,6,2,2025
1350,2025-06-15 13:37:00,2025-06-15,Sunday,13,6,2,2025
1351,2025-06-15 03:36:00,2025-06-15,Sunday,3,6,2,2025
1352,2025-06-15 01:49:00,2025-06-15,Sunday,1,6,2,2025
1353,2025-06-15 00:35:00,2025-06-15,Sunday,0,6,2,2025
1354,2025-06-15 12:41:00,2025-06-15,Sunday,12,6,2,2025
1355,2025-06-15 07:21:00,2025-06-15,Sunday,7,6,2,2025
1356,2025-06-15 13:11:00,2025-06-15,Sunday,13,6,2,2025
1357,2025-06-15 02:24:00,2025-06-15,Sunday,2,6,2,2025
1358,2025-06-15 21:11:00,2025-06-15,Sunday,21,6,2,2025
1359,2025-06-15 14:36:00,2025-06-15,Sunday,14,6,2,2025
1360,2025-06-15 10:22:00,2025-06-15,Sunday,10,6,2,2025
1361,2025-06-15 03:19:00,2025-06-15,Sunday,3,6,2,2025
1362,2025-06-15 11:42:00,2025-06-15,Sunday,11,6,2,2025
1363,2025-06-15 17:48:00,2025-06-15,Sunday,17,6,2,2025
1364,2025-06-15 06:58:00,2025-06-15,Sunday,6,6,2,2025
1365,2025-06-15 06:01:00,2025-06-15,Sunday,6,6,2,2025
1366,2025-06-15 04:14:00,2025-06-15,Sunday,4,6,2,2025
1367,2025-06-15 09:55:00,2025-06-15,Sunday,9,6,2,2025
1368,2025-06-15 17:02:00,2025-06-15,Sunday,17,6,2,2025
1369,2025-06-15 00:02:00,2025-06-15,Sunday,0,6,2,2025
1370,2025-06-15 05:54:00,2025-06-15,Sunday,5,6,2,2025
1371,2025-06-15 00:22:00,2025-06-15,Sunday,0,6,2,2025
1372,2025-06-15 03:54:00,2025-06-15,Sunday,3,6,2,2025
1373,2025-06-15 12:08:00,2025-06-15,Sunday,12,6,2,2025
1374,2025-06-15 08:24:00,2025-06-15,Sunday,8,6,2,2025
1375,2025-06-15 19:04:00,2025-06-15,Sunday,19,6,2,2025
1376,2025-06-15 19:25:00,2025-06-15,Sunday,19,6,2,2025
1377,2025-06-15 08:00:00,2025-06-15,Sunday,8,6,2,2025
1378,2025-06-15 04:06:00,2025-06-15,Sunday,4,6,2,2025
1379,2025-06-15 00:15:00,2025-06-15,Sunday,0,6,2,2025
1380,2025-06-15 10:48:00,2025-06-15,Sunday,10,6,2,2025
1381,2025-06-15 05:31:00,2025-06-15,Sunday,5,6,2,2025
1382,2025-06-15 18:00:00,2025-06-15,Sunday,18,6,2,2025
1383,2025-06-15 22:03:00,2025-06-15,Sunday,22,6,2,2025
1384,2025-06-15 23:23:00,2025-06-15,Sunday,23,6,2,2025
1385,2025-06-15 00:55:00,2025-06-15,Sunday,0,6,2,2025
1386,2025-06-15 11:17:00,2025-06-15,Sunday,11,6,2,2025
1387,2025-06-15 12:39:00,2025-06-15,Sunday,12,6,2,2025
1388,2025-06-15 18:28:00,2025-06-15,Sunday,18,6,2,2025
1389,2025-06-15 11:24:00,2025-06-15,Sunday,11,6,2,2025
1390,2025-06-15 09:18:00,2025-06-15,Sunday,9,6,2,2025
1391,2025-06-15 21:33:00,2025-06-15,Sunday,21,6,2,2025
1392,2025-06-15 19:43:00,2025-06-15,Sunday,19,6,2,2025
1393,2025-06-15 16:52:00,2025-06-15,Sunday,16,6,2,2025
